Workbook
Name Flag1: INDIRECT('[1]Countries and Timezone'!$E$7)
Name Flag2: INDIRECT('[1]Countries and Timezone'!$E$8)
Name Flag3: INDIRECT('[1]Countries and Timezone'!$E$9)
Name Flag4: INDIRECT('[1]Countries and Timezone'!$E$10)
Name Ranks: OFFSET(Rankings_old!$A$1,0,0,COUNTA(Rankings_old!$A:$A),7)

Sheet Rankings_old
A1: Rank | B1: Name | C1: Total | D1: Group Stage | E1: Play-off teams | F1: Winner | G1: Play-off Stage | H1: SortKey | I1: 240000 | J1: % | K1: Total prize money
A2: =RANK(C2,C$2:C$28) -> 1 | B2: Abel | C2: =SUM(D2:G2) -> 0 | D2: =INDEX('Group Stage'!$I$3:$DL$3,1,MATCH(B2,'Group Stage'!$I$1:$DL$1,0)) -> 0 | E2: =INDEX('Playoff & Winner'!$D$52:$DG$52,1,MATCH(B2,'Playoff & Winner'!$D$2:$DG$2,0)) -> 0 | F2: =INDEX('Playoff & Winner'!$D$52:$DG$52,1,MATCH(B2,'Playoff & Winner'!$D$2:$DG$2,0)+1) -> 0 | G2: =INDEX('Playoff Stage'!$I$3:$DL$3,1,MATCH(B2,'Playoff Stage'!$I$1:$DL$1,0)) -> 0 | H2: =C2*1000000000+D2*1000000+E2*10000+F2*100+G2+(100-COUNTIF($B$2:$B$28,"<"&B2))/1000 -> 0.1 | I2: =I1*J2 -> 96000 | J2: 0.4 | K2: 1st place
A3: =RANK(C3,C$2:C$28) -> 1 | B3: Aleksandr | C3: =SUM(D3:G3) -> 0 | D3: =INDEX('Group Stage'!$I$3:$DL$3,1,MATCH(B3,'Group Stage'!$I$1:$DL$1,0)) -> 0 | E3: =INDEX('Playoff & Winner'!$D$52:$DG$52,1,MATCH(B3,'Playoff & Winner'!$D$2:$DG$2,0)) -> 0 | F3: =INDEX('Playoff & Winner'!$D$52:$DG$52,1,MATCH(B3,'Playoff & Winner'!$D$2:$DG$2,0)+1) -> 0 | G3: =INDEX('Playoff Stage'!$I$3:$DL$3,1,MATCH(B3,'Playoff Stage'!$I$1:$DL$1,0)) -> 0 | H3: =C3*1000000000+D3*1000000+E3*10000+F3*100+G3+(100-COUNTIF($B$2:$B$28,"<"&B3))/1000 -> 0.099 | I3: =I1*J3 -> 48000 | J3: 0.2 | K3: 2nd place
A4: =RANK(C4,C$2:C$28) -> 1 | B4: Ara | C4: =SUM(D4:G4) -> 0 | D4: =INDEX('Group Stage'!$I$3:$DL$3,1,MATCH(B4,'Group Stage'!$I$1:$DL$1,0)) -> 0 | E4: =INDEX('Playoff & Winner'!$D$52:$DG$52,1,MATCH(B4,'Playoff & Winner'!$D$2:$DG$2,0)) -> 0 | F4: =INDEX('Playoff & Winner'!$D$52:$DG$52,1,MATCH(B4,'Playoff & Winner'!$D$2:$DG$2,0)+1) -> 0 | G4: =INDEX('Playoff Stage'!$I$3:$DL$3,1,MATCH(B4,'Playoff Stage'!$I$1:$DL$1,0)) -> 0 | H4: =C4*1000000000+D4*1000000+E4*10000+F4*100+G4+(100-COUNTIF($B$2:$B$28,"<"&B4))/1000 -> 0.098 | I4: =I1*J4 -> 36000 | J4: 0.15 | K4: 3rd place
A5: =RANK(C5,C$2:C$28) -> 1 | B5: Aram GM | C5: =SUM(D5:G5) -> 0 | D5: =INDEX('Group Stage'!$I$3:$DL$3,1,MATCH(B5,'Group Stage'!$I$1:$DL$1,0)) -> 0 | E5: =INDEX('Playoff & Winner'!$D$52:$DG$52,1,MATCH(B5,'Playoff & Winner'!$D$2:$DG$2,0)) -> 0 | F5: =INDEX('Playoff & Winner'!$D$52:$DG$52,1,MATCH(B5,'Playoff & Winner'!$D$2:$DG$2,0)+1) -> 0 | G5: =INDEX('Playoff Stage'!$I$3:$DL$3,1,MATCH(B5,'Playoff Stage'!$I$1:$DL$1,0)) -> 0 | H5: =C5*1000000000+D5*1000000+E5*10000+F5*100+G5+(100-COUNTIF($B$2:$B$28,"<"&B5))/1000 -> 0.097 | I5: =I1*J5 -> 24000 | J5: 0.1 | K5: 4th place
A6: =RANK(C6,C$2:C$28) -> 1 | B6: Aram Tsh. | C6: =SUM(D6:G6) -> 0 | D6: =INDEX('Group Stage'!$I$3:$DL$3,1,MATCH(B6,'Group Stage'!$I$1:$DL$1,0)) -> 0 | E6: =INDEX('Playoff & Winner'!$D$52:$DG$52,1,MATCH(B6,'Playoff & Winner'!$D$2:$DG$2,0)) -> 0 | F6: =INDEX('Playoff & Winner'!$D$52:$DG$52,1,MATCH(B6,'Playoff & Winner'!$D$2:$DG$2,0)+1) -> 0 | G6: =INDEX('Playoff Stage'!$I$3:$DL$3,1,MATCH(B6,'Playoff Stage'!$I$1:$DL$1,0)) -> 0 | H6: =C6*1000000000+D6*1000000+E6*10000+F6*100+G6+(100-COUNTIF($B$2:$B$28,"<"&B6))/1000 -> 0.096 | I6: =I1*J6 -> 16800 | J6: 0.07 | K6: 5th place
A7: =RANK(C7,C$2:C$28) -> 1 | B7: Arsen | C7: =SUM(D7:G7) -> 0 | D7: =INDEX('Group Stage'!$I$3:$DL$3,1,MATCH(B7,'Group Stage'!$I$1:$DL$1,0)) -> 0 | E7: =INDEX('Playoff & Winner'!$D$52:$DG$52,1,MATCH(B7,'Playoff & Winner'!$D$2:$DG$2,0)) -> 0 | F7: =INDEX('Playoff & Winner'!$D$52:$DG$52,1,MATCH(B7,'Playoff & Winner'!$D$2:$DG$2,0)+1) -> 0 | G7: =INDEX('Playoff Stage'!$I$3:$DL$3,1,MATCH(B7,'Playoff Stage'!$I$1:$DL$1,0)) -> 0 | H7: =C7*1000000000+D7*1000000+E7*10000+F7*100+G7+(100-COUNTIF($B$2:$B$28,"<"&B7))/1000 -> 0.095 | I7: =I1*J7 -> 12000 | J7: 0.05 | K7: 6th place
A8: =RANK(C8,C$2:C$28) -> 1 | B8: Art Cap | C8: =SUM(D8:G8) -> 0 | D8: =INDEX('Group Stage'!$I$3:$DL$3,1,MATCH(B8,'Group Stage'!$I$1:$DL$1,0)) -> 0 | E8: =INDEX('Playoff & Winner'!$D$52:$DG$52,1,MATCH(B8,'Playoff & Winner'!$D$2:$DG$2,0)) -> 0 | F8: =INDEX('Playoff & Winner'!$D$52:$DG$52,1,MATCH(B8,'Playoff & Winner'!$D$2:$DG$2,0)+1) -> 0 | G8: =INDEX('Playoff Stage'!$I$3:$DL$3,1,MATCH(B8,'Playoff Stage'!$I$1:$DL$1,0)) -> 0 | H8: =C8*1000000000+D8*1000000+E8*10000+F8*100+G8+(100-COUNTIF($B$2:$B$28,"<"&B8))/1000 -> 0.094 | I8: =I1*J8 -> 7200 | J8: 0.03 | K8: 7th place
A9: =RANK(C9,C$2:C$28) -> 1 | B9: Art Doc | C9: =SUM(D9:G9) -> 0 | D9: =INDEX('Group Stage'!$I$3:$DL$3,1,MATCH(B9,'Group Stage'!$I$1:$DL$1,0)) -> 0 | E9: =INDEX('Playoff & Winner'!$D$52:$DG$52,1,MATCH(B9,'Playoff & Winner'!$D$2:$DG$2,0)) -> 0 | F9: =INDEX('Playoff & Winner'!$D$52:$DG$52,1,MATCH(B9,'Playoff & Winner'!$D$2:$DG$2,0)+1) -> 0 | G9: =INDEX('Playoff Stage'!$I$3:$DL$3,1,MATCH(B9,'Playoff Stage'!$I$1:$DL$1,0)) -> 0 | H9: =C9*1000000000+D9*1000000+E9*10000+F9*100+G9+(100-COUNTIF($B$2:$B$28,"<"&B9))/1000 -> 0.093
A10: =RANK(C10,C$2:C$28) -> 1 | B10: Davit | C10: =SUM(D10:G10) -> 0 | D10: =INDEX('Group Stage'!$I$3:$DL$3,1,MATCH(B10,'Group Stage'!$I$1:$DL$1,0)) -> 0 | E10: =INDEX('Playoff & Winner'!$D$52:$DG$52,1,MATCH(B10,'Playoff & Winner'!$D$2:$DG$2,0)) -> 0 | F10: =INDEX('Playoff & Winner'!$D$52:$DG$52,1,MATCH(B10,'Playoff & Winner'!$D$2:$DG$2,0)+1) -> 0 | G10: =INDEX('Playoff Stage'!$I$3:$DL$3,1,MATCH(B10,'Playoff Stage'!$I$1:$DL$1,0)) -> 0 | H10: =C10*1000000000+D10*1000000+E10*10000+F10*100+G10+(100-COUNTIF($B$2:$B$28,"<"&B10))/1000 -> 0.092
A11: =RANK(C11,C$2:C$28) -> 1 | B11: Edgar H. | C11: =SUM(D11:G11) -> 0 | D11: =INDEX('Group Stage'!$I$3:$DL$3,1,MATCH(B11,'Group Stage'!$I$1:$DL$1,0)) -> 0 | E11: =INDEX('Playoff & Winner'!$D$52:$DG$52,1,MATCH(B11,'Playoff & Winner'!$D$2:$DG$2,0)) -> 0 | F11: =INDEX('Playoff & Winner'!$D$52:$DG$52,1,MATCH(B11,'Playoff & Winner'!$D$2:$DG$2,0)+1) -> 0 | G11: =INDEX('Playoff Stage'!$I$3:$DL$3,1,MATCH(B11,'Playoff Stage'!$I$1:$DL$1,0)) -> 0 | H11: =C11*1000000000+D11*1000000+E11*10000+F11*100+G11+(100-COUNTIF($B$2:$B$28,"<"&B11))/1000 -> 0.091
A12: =RANK(C12,C$2:C$28) -> 1 | B12: Edgar M. | C12: =SUM(D12:G12) -> 0 | D12: =INDEX('Group Stage'!$I$3:$DL$3,1,MATCH(B12,'Group Stage'!$I$1:$DL$1,0)) -> 0 | E12: =INDEX('Playoff & Winner'!$D$52:$DG$52,1,MATCH(B12,'Playoff & Winner'!$D$2:$DG$2,0)) -> 0 | F12: =INDEX('Playoff & Winner'!$D$52:$DG$52,1,MATCH(B12,'Playoff & Winner'!$D$2:$DG$2,0)+1) -> 0 | G12: =INDEX('Playoff Stage'!$I$3:$DL$3,1,MATCH(B12,'Playoff Stage'!$I$1:$DL$1,0)) -> 0 | H12: =C12*1000000000+D12*1000000+E12*10000+F12*100+G12+(100-COUNTIF($B$2:$B$28,"<"&B12))/1000 -> 0.09
A13: =RANK(C13,C$2:C$28) -> 1 | B13: Gagik St. | C13: =SUM(D13:G13) -> 0 | D13: =INDEX('Group Stage'!$I$3:$DL$3,1,MATCH(B13,'Group Stage'!$I$1:$DL$1,0)) -> 0 | E13: =INDEX('Playoff & Winner'!$D$52:$DG$52,1,MATCH(B13,'Playoff & Winner'!$D$2:$DG$2,0)) -> 0 | F13: =INDEX('Playoff & Winner'!$D$52:$DG$52,1,MATCH(B13,'Playoff & Winner'!$D$2:$DG$2,0)+1) -> 0 | G13: =INDEX('Playoff Stage'!$I$3:$DL$3,1,MATCH(B13,'Playoff Stage'!$I$1:$DL$1,0)) -> 0 | H13: =C13*1000000000+D13*1000000+E13*10000+F13*100+G13+(100-COUNTIF($B$2:$B$28,"<"&B13))/1000 -> 0.088
A14: =RANK(C14,C$2:C$28) -> 1 | B14: Hayk St. | C14: =SUM(D14:G14) -> 0 | D14: =INDEX('Group Stage'!$I$3:$DL$3,1,MATCH(B14,'Group Stage'!$I$1:$DL$1,0)) -> 0 | E14: =INDEX('Playoff & Winner'!$D$52:$DG$52,1,MATCH(B14,'Playoff & Winner'!$D$2:$DG$2,0)) -> 0 | F14: =INDEX('Playoff & Winner'!$D$52:$DG$52,1,MATCH(B14,'Playoff & Winner'!$D$2:$DG$2,0)+1) -> 0 | G14: =INDEX('Playoff Stage'!$I$3:$DL$3,1,MATCH(B14,'Playoff Stage'!$I$1:$DL$1,0)) -> 0 | H14: =C14*1000000000+D14*1000000+E14*10000+F14*100+G14+(100-COUNTIF($B$2:$B$28,"<"&B14))/1000 -> 0.087
A15: =RANK(C15,C$2:C$28) -> 1 | B15: Henrik | C15: =SUM(D15:G15) -> 0 | D15: =INDEX('Group Stage'!$I$3:$DL$3,1,MATCH(B15,'Group Stage'!$I$1:$DL$1,0)) -> 0 | E15: =INDEX('Playoff & Winner'!$D$52:$DG$52,1,MATCH(B15,'Playoff & Winner'!$D$2:$DG$2,0)) -> 0 | F15: =INDEX('Playoff & Winner'!$D$52:$DG$52,1,MATCH(B15,'Playoff & Winner'!$D$2:$DG$2,0)+1) -> 0 | G15: =INDEX('Playoff Stage'!$I$3:$DL$3,1,MATCH(B15,'Playoff Stage'!$I$1:$DL$1,0)) -> 0 | H15: =C15*1000000000+D15*1000000+E15*10000+F15*100+G15+(100-COUNTIF($B$2:$B$28,"<"&B15))/1000 -> 0.086
A16: =RANK(C16,C$2:C$28) -> 1 | B16: Hovo St. | C16: =SUM(D16:G16) -> 0 | D16: =INDEX('Group Stage'!$I$3:$DL$3,1,MATCH(B16,'Group Stage'!$I$1:$DL$1,0)) -> 0 | E16: =INDEX('Playoff & Winner'!$D$52:$DG$52,1,MATCH(B16,'Playoff & Winner'!$D$2:$DG$2,0)) -> 0 | F16: =INDEX('Playoff & Winner'!$D$52:$DG$52,1,MATCH(B16,'Playoff & Winner'!$D$2:$DG$2,0)+1) -> 0 | G16: =INDEX('Playoff Stage'!$I$3:$DL$3,1,MATCH(B16,'Playoff Stage'!$I$1:$DL$1,0)) -> 0 | H16: =C16*1000000000+D16*1000000+E16*10000+F16*100+G16+(100-COUNTIF($B$2:$B$28,"<"&B16))/1000 -> 0.085
A17: =RANK(C17,C$2:C$28) -> 1 | B17: Konstantin | C17: =SUM(D17:G17) -> 0 | D17: =INDEX('Group Stage'!$I$3:$DL$3,1,MATCH(B17,'Group Stage'!$I$1:$DL$1,0)) -> 0 | E17: =INDEX('Playoff & Winner'!$D$52:$DG$52,1,MATCH(B17,'Playoff & Winner'!$D$2:$DG$2,0)) -> 0 | F17: =INDEX('Playoff & Winner'!$D$52:$DG$52,1,MATCH(B17,'Playoff & Winner'!$D$2:$DG$2,0)+1) -> 0 | G17: =INDEX('Playoff Stage'!$I$3:$DL$3,1,MATCH(B17,'Playoff Stage'!$I$1:$DL$1,0)) -> 0 | H17: =C17*1000000000+D17*1000000+E17*10000+F17*100+G17+(100-COUNTIF($B$2:$B$28,"<"&B17))/1000 -> 0.084
A18: =RANK(C18,C$2:C$28) -> 1 | B18: Levon M. | C18: =SUM(D18:G18) -> 0 | D18: =INDEX('Group Stage'!$I$3:$DL$3,1,MATCH(B18,'Group Stage'!$I$1:$DL$1,0)) -> 0 | E18: =INDEX('Playoff & Winner'!$D$52:$DG$52,1,MATCH(B18,'Playoff & Winner'!$D$2:$DG$2,0)) -> 0 | F18: =INDEX('Playoff & Winner'!$D$52:$DG$52,1,MATCH(B18,'Playoff & Winner'!$D$2:$DG$2,0)+1) -> 0 | G18: =INDEX('Playoff Stage'!$I$3:$DL$3,1,MATCH(B18,'Playoff Stage'!$I$1:$DL$1,0)) -> 0 | H18: =C18*1000000000+D18*1000000+E18*10000+F18*100+G18+(100-COUNTIF($B$2:$B$28,"<"&B18))/1000 -> 0.083
A19: =RANK(C19,C$2:C$28) -> 1 | B19: Levon T. | C19: =SUM(D19:G19) -> 0 | D19: =INDEX('Group Stage'!$I$3:$DL$3,1,MATCH(B19,'Group Stage'!$I$1:$DL$1,0)) -> 0 | E19: =INDEX('Playoff & Winner'!$D$52:$DG$52,1,MATCH(B19,'Playoff & Winner'!$D$2:$DG$2,0)) -> 0 | F19: =INDEX('Playoff & Winner'!$D$52:$DG$52,1,MATCH(B19,'Playoff & Winner'!$D$2:$DG$2,0)+1) -> 0 | G19: =INDEX('Playoff Stage'!$I$3:$DL$3,1,MATCH(B19,'Playoff Stage'!$I$1:$DL$1,0)) -> 0 | H19: =C19*1000000000+D19*1000000+E19*10000+F19*100+G19+(100-COUNTIF($B$2:$B$28,"<"&B19))/1000 -> 0.082
A20: =RANK(C20,C$2:C$28) -> 1 | B20: Mark | C20: =SUM(D20:G20) -> 0 | D20: =INDEX('Group Stage'!$I$3:$DL$3,1,MATCH(B20,'Group Stage'!$I$1:$DL$1,0)) -> 0 | E20: =INDEX('Playoff & Winner'!$D$52:$DG$52,1,MATCH(B20,'Playoff & Winner'!$D$2:$DG$2,0)) -> 0 | F20: =INDEX('Playoff & Winner'!$D$52:$DG$52,1,MATCH(B20,'Playoff & Winner'!$D$2:$DG$2,0)+1) -> 0 | G20: =INDEX('Playoff Stage'!$I$3:$DL$3,1,MATCH(B20,'Playoff Stage'!$I$1:$DL$1,0)) -> 0 | H20: =C20*1000000000+D20*1000000+E20*10000+F20*100+G20+(100-COUNTIF($B$2:$B$28,"<"&B20))/1000 -> 0.081
... A28: =RANK(C28,C$2:C$28) -> 1 | B28: Edmon | C28: =SUM(D28:G28) -> 0 | D28: =INDEX('Group Stage'!$I$3:$DL$3,1,MATCH(B28,'Group Stage'!$I$1:$DL$1,0)) -> 0 | E28: =INDEX('Playoff & Winner'!$D$52:$DG$52,1,MATCH(B28,'Playoff & Winner'!$D$2:$DG$2,0)) -> 0 | F28: =INDEX('Playoff & Winner'!$D$52:$DG$52,1,MATCH(B28,'Playoff & Winner'!$D$2:$DG$2,0)+1) -> 0 | G28: =INDEX('Playoff Stage'!$I$3:$DL$3,1,MATCH(B28,'Playoff Stage'!$I$1:$DL$1,0)) -> 0 | H28: =C28*1000000000+D28*1000000+E28*10000+F28*100+G28+(100-COUNTIF($B$2:$B$28,"<"&B28))/1000 -> 0.089
A29: =RANK(C29,C$2:C$28) -> 1 | B29: Minas | C29: =SUM(D29:G29) -> 0 | D29: =INDEX('Group Stage'!$I$3:$DO$3,1,MATCH(B29,'Group Stage'!$I$1:$DO$1,0)) -> 0 | E29: =INDEX('Playoff & Winner'!$D$52:$DK$52,1,MATCH(B29,'Playoff & Winner'!$D$2:$DK$2,0)) -> 0 | F29: =INDEX('Playoff & Winner'!$D$52:$DK$52,1,MATCH(B29,'Playoff & Winner'!$D$2:$DK$2,0)+1) -> 0 | G29: =INDEX('Playoff Stage'!$I$3:$DO$3,1,MATCH(B29,'Playoff Stage'!$I$1:$DO$1,0)) -> 0 | H29: =C29*1000000000+D29*1000000+E29*10000+F29*100+G29+(100-COUNTIF($B$2:$B$28,"<"&B29))/1000 -> 0.08

Sheet Rankings
A1: Rank | B1: Name | C1: Total | D1: Group Stage | E1: Play-off teams | F1: Play-off Stage | G1: Winner
A2: 1 | B2: Abel | C2: 0 | D2: 0 | E2: 0 | F2: 0 | G2: 0
B3: Ara | C3: 0 | D3: 0 | E3: 0 | F3: 0 | G3: 0 | J3: Total Award | K3: 280000 | L3: %
B4: Aram GM | C4: 0 | D4: 0 | E4: 0 | F4: 0 | G4: 0 | J4: 1st place | K4: =K3*L4 -> 112000 | L4: 0.4
B5: Arsen | C5: 0 | D5: 0 | E5: 0 | F5: 0 | G5: 0 | J5: 2nd place | K5: =K3*L5 -> 56000 | L5: 0.2
B6: Gagik St. | C6: 0 | D6: 0 | E6: 0 | F6: 0 | G6: 0 | J6: 3rd place | K6: =K3*L6 -> 42000 | L6: 0.15
B7: Hayk St. | C7: 0 | D7: 0 | E7: 0 | F7: 0 | G7: 0 | J7: 4th place | K7: =K3*L7 -> 28000 | L7: 0.1
B8: Hovo St. | C8: 0 | D8: 0 | E8: 0 | F8: 0 | G8: 0 | J8: 5th place | K8: =K3*L8 -> 19600 | L8: 0.07
B9: Minas | C9: 0 | D9: 0 | E9: 0 | F9: 0 | G9: 0 | J9: 6th place | K9: =K3*L9 -> 14000 | L9: 0.05
B10: Sipan | C10: 0 | D10: 0 | E10: 0 | F10: 0 | G10: 0 | J10: 7th place | K10: =K3*L10 -> 8400 | L10: 0.03
B11: Tigran Tsh. | C11: 0 | D11: 0 | E11: 0 | F11: 0 | G11: 0
B12: Vigen | C12: 0 | D12: 0 | E12: 0 | F12: 0 | G12: 0
B13: Art Doc | C13: 0 | D13: 0 | E13: 0 | F13: 0 | G13: 0
B14: Henrik | C14: 0 | D14: 0 | E14: 0 | F14: 0 | G14: 0
B15: Tigran H. | C15: 0 | D15: 0 | E15: 0 | F15: 0 | G15: 0
B16: Edgar M. | C16: 0 | D16: 0 | E16: 0 | F16: 0 | G16: 0
B17: Edgar H. | C17: 0 | D17: 0 | E17: 0 | F17: 0 | G17: 0
B18: Aleksandr | C18: 0 | D18: 0 | E18: 0 | F18: 0 | G18: 0
B19: Aram Tsh. | C19: 0 | D19: 0 | E19: 0 | F19: 0 | G19: 0
B20: Art Cap | C20: 0 | D20: 0 | E20: 0 | F20: 0 | G20: 0
B21: Davit | C21: 0 | D21: 0 | E21: 0 | F21: 0 | G21: 0
B22: Konstantin | C22: 0 | D22: 0 | E22: 0 | F22: 0 | G22: 0
... B29: Edmon | C29: 0 | D29: 0 | E29: 0 | F29: 0 | G29: 0

Sheet Names
B1: Names
A2: 1 | B2: Abel
A3: 2 | B3: Aleksandr
A4: 3 | B4: Ara
A5: 4 | B5: Aram GM
A6: 5 | B6: Aram Tsh.
A7: 6 | B7: Arsen
A8: 7 | B8: Art Cap
A9: 8 | B9: Art Doc
A10: 9 | B10: Davit
A11: 10 | B11: Edgar H.
A12: 11 | B12: Edgar M.
A13: 12 | B13: Gagik St.
... A28: 27 | B28: Edmon
C36: Abel | D36: Aleksandr | E36: Ara | F36: Aram GM | G36: Aram Tsh. | H36: Arsen | I36: Art Cap | J36: Art Doc | K36: Davit | L36: Edgar H. | M36: Edgar M. | N36: Gagik St. | O36: Hayk St. | P36: Henrik | Q36: Hovo St. | R36: Konstantin | S36: Levon M. | T36: Levon T. | U36: Mark | V36: Rench | W36: Ruben | X36: Sipan | Y36: Tigran Gr. | Z36: Tigran H. | AA36: Tigran Tsh. | AB36: Vigen
B41: Mexico
B42: South Africa
B43: South Korea
B44: Czech Republic
B45: Canada
B46: Bosnia and Herzegovina
B47: Qatar
B48: Switzerland
B49: Brazil
B50: Morocco
B51: Haiti
B52: Scotland
... B88: Panama

Sheet Group Stage
A1: Date&Time | C1: Matches | E1: TOTAL | F1: Actual scores | H1: outcome | I1: Abel | M1: Aleksandr | Q1: Ara | U1: Aram GM | Y1: Aram Tsh. | AC1: Arsen | AG1: Art Cap | AK1: Art Doc | AO1: Davit | AS1: Edgar H. | AW1: Edgar M. | BA1: Gagik St. | BE1: Hayk St. | BI1: Henrik | BM1: Hovo St. | BQ1: Konstantin | BU1: Levon M. | BY1: Levon T. | CC1: Mark | CG1: Rench | CK1: Ruben | CO1: Sipan | CS1: Tigran Gr. | CW1: Tigran H. | DA1: Tigran Tsh. | DE1: Vigen | DI1: Edmon | DM1: Minas
I2: score | L2: pts | M2: score | P2: pts | Q2: score | T2: pts | U2: score | X2: pts | Y2: score | AB2: pts | AC2: score | AF2: pts | AG2: score | AJ2: pts | AK2: score | AN2: pts | AO2: score | AR2: pts | AS2: score | AV2: pts | AW2: score | AZ2: pts | BA2: score | BD2: pts | BE2: score | BH2: pts | BI2: score | BL2: pts | BM2: score | BP2: pts | BQ2: score | BT2: pts | BU2: score | BX2: pts | BY2: score | CB2: pts | CC2: score | CF2: pts | CG2: score | CJ2: pts | CK2: score | CN2: pts | CO2: score | CR2: pts | CS2: score | CV2: pts | CW2: score | CZ2: pts | DA2: score | DD2: pts | DE2: score | DH2: pts | DI2: score | DL2: pts | DM2: score | DP2: pts
A3: Total points | I3: =SUM(L4:L75) -> 0 | M3: =SUM(P4:P75) -> 0 | Q3: =SUM(T4:T75) -> 0 | U3: =SUM(X4:X75) -> 0 | Y3: =SUM(AB4:AB75) -> 0 | AC3: =SUM(AF4:AF75) -> 0 | AG3: =SUM(AJ4:AJ75) -> 0 | AK3: =SUM(AN4:AN75) -> 0 | AO3: =SUM(AR4:AR75) -> 0 | AS3: =SUM(AV4:AV75) -> 0 | AW3: =SUM(AZ4:AZ75) -> 0 | BA3: =SUM(BD4:BD75) -> 0 | BE3: =SUM(BH4:BH75) -> 0 | BI3: =SUM(BL4:BL75) -> 0 | BM3: =SUM(BP4:BP75) -> 0 | BQ3: =SUM(BT4:BT75) -> 0 | BU3: =SUM(BX4:BX75) -> 0 | BY3: =SUM(CB4:CB75) -> 0 | CC3: =SUM(CF4:CF75) -> 0 | CG3: =SUM(CJ4:CJ75) -> 0 | CK3: =SUM(CN4:CN75) -> 0 | CO3: =SUM(CR4:CR75) -> 0 | CS3: =SUM(CV4:CV75) -> 0 | CW3: =SUM(CZ4:CZ75) -> 0 | DA3: =SUM(DD4:DD75) -> 0 | DE3: =SUM(DH4:DH75) -> 0 | DI3: =SUM(DL4:DL75) -> 0 | DM3: =SUM(DP4:DP75) -> 0
A4: 44722 | B4: 23:00 | C4: Mexico | D4: South Africa | E4: =L4+P4+T4+X4+AB4+AF4+AJ4+AN4+AR4+AV4+AZ4+BD4+BH4+BL4+BP4+BT4+BX4+CB4+CF4+CJ4+CN4+CR4+CV4+CZ4+DD4+DH4+DL4 -> 0 | H4: =IF(ISNUMBER(F4),IF(F4>G4,"1",IF(F4<G4,"2","X"))) -> FALSE | I4: 2 | J4: 0 | K4: =IF(I4>J4,"1",IF(I4<J4,"2","X")) -> 1 | L4: =IF(K4=$H4,IF(I4=$F4,IF(J4=$G4,IF($F4-$G4>=3,6,IF($G4-$F4>=3,6,IF($F4+$G4>=4,6,5))),3),3),0) -> 0 | M4: 3 | N4: 0 | O4: =IF(M4>N4,"1",IF(M4<N4,"2","X")) -> 1 | P4: =IF(O4=$H4,IF(M4=$F4,IF(N4=$G4,IF($F4-$G4>=3,6,IF($G4-$F4>=3,6,IF($F4+$G4>=4,6,5))),3),3),0) -> 0 | Q4: 3 | R4: 0 | S4: =IF(Q4>R4,"1",IF(Q4<R4,"2","X")) -> 1 | T4: =IF(S4=$H4,IF(Q4=$F4,IF(R4=$G4,IF($F4-$G4>=3,6,IF($G4-$F4>=3,6,IF($F4+$G4>=4,6,5))),3),3),0) -> 0 | U4: 1 | V4: 0 | W4: =IF(U4>V4,"1",IF(U4<V4,"2","X")) -> 1 | X4: =IF(W4=$H4,IF(U4=$F4,IF(V4=$G4,IF($F4-$G4>=3,6,IF($G4-$F4>=3,6,IF($F4+$G4>=4,6,5))),3),3),0) -> 0 | Y4: 3 | Z4: 0 | AA4: =IF(Y4>Z4,"1",IF(Y4<Z4,"2","X")) -> 1 | AB4: =IF(AA4=$H4,IF(Y4=$F4,IF(Z4=$G4,IF($F4-$G4>=3,6,IF($G4-$F4>=3,6,IF($F4+$G4>=4,6,5))),3),3),0) -> 0 | AC4: 2 | AD4: 0 | AE4: =IF(AC4>AD4,"1",IF(AC4<AD4,"2","X")) -> 1 | AF4: =IF(AE4=$H4,IF(AC4=$F4,IF(AD4=$G4,IF($F4-$G4>=3,6,IF($G4-$F4>=3,6,IF($F4+$G4>=4,6,5))),3),3),0) -> 0 | AG4: 2 | AH4: 1 | AI4: =IF(AG4>AH4,"1",IF(AG4<AH4,"2","X")) -> 1 | AJ4: =IF(AI4=$H4,IF(AG4=$F4,IF(AH4=$G4,IF($F4-$G4>=3,6,IF($G4-$F4>=3,6,IF($F4+$G4>=4,6,5))),3),3),0) -> 0 | AK4: 3 | AL4: 0 | AM4: =IF(AK4>AL4,"1",IF(AK4<AL4,"2","X")) -> 1 | AN4: =IF(AM4=$H4,IF(AK4=$F4,IF(AL4=$G4,IF($F4-$G4>=3,6,IF($G4-$F4>=3,6,IF($F4+$G4>=4,6,5))),3),3),0) -> 0 | AO4: 1 | AP4: 0 | AQ4: =IF(AO4>AP4,"1",IF(AO4<AP4,"2","X")) -> 1 | AR4: =IF(AQ4=$H4,IF(AO4=$F4,IF(AP4=$G4,IF($F4-$G4>=3,6,IF($G4-$F4>=3,6,IF($F4+$G4>=4,6,5))),3),3),0) -> 0 | AS4: 2 | AT4: 0 | AU4: =IF(AS4>AT4,"1",IF(AS4<AT4,"2","X")) -> 1 | AV4: =IF(AU4=$H4,IF(AS4=$F4,IF(AT4=$G4,IF($F4-$G4>=3,6,IF($G4-$F4>=3,6,IF($F4+$G4>=4,6,5))),3),3),0) -> 0 | AW4: 2 | AX4: 1 | AY4: =IF(AW4>AX4,"1",IF(AW4<AX4,"2","X")) -> 1 | AZ4: =IF(AY4=$H4,IF(AW4=$F4,IF(AX4=$G4,IF($F4-$G4>=3,6,IF($G4-$F4>=3,6,IF($F4+$G4>=4,6,5))),3),3),0) -> 0 | BA4: 2 | BB4: 0 | BC4: =IF(BA4>BB4,"1",IF(BA4<BB4,"2","X")) -> 1 | BD4: =IF(BC4=$H4,IF(BA4=$F4,IF(BB4=$G4,IF($F4-$G4>=3,6,IF($G4-$F4>=3,6,IF($F4+$G4>=4,6,5))),3),3),0) -> 0 | BE4: 1 | BF4: 0 | BG4: =IF(BE4>BF4,"1",IF(BE4<BF4,"2","X")) -> 1 | BH4: =IF(BG4=$H4,IF(BE4=$F4,IF(BF4=$G4,IF($F4-$G4>=3,6,IF($G4-$F4>=3,6,IF($F4+$G4>=4,6,5))),3),3),0) -> 0 | BI4: 1 | BJ4: 0 | BK4: =IF(BI4>BJ4,"1",IF(BI4<BJ4,"2","X")) -> 1 | BL4: =IF(BK4=$H4,IF(BI4=$F4,IF(BJ4=$G4,IF($F4-$G4>=3,6,IF($G4-$F4>=3,6,IF($F4+$G4>=4,6,5))),3),3),0) -> 0 | BM4: 1 | BN4: 0 | BO4: =IF(BM4>BN4,"1",IF(BM4<BN4,"2","X")) -> 1 | BP4: =IF(BO4=$H4,IF(BM4=$F4,IF(BN4=$G4,IF($F4-$G4>=3,6,IF($G4-$F4>=3,6,IF($F4+$G4>=4,6,5))),3),3),0) -> 0 | BQ4: 2 | BR4: 1 | BS4: =IF(BQ4>BR4,"1",IF(BQ4<BR4,"2","X")) -> 1 | BT4: =IF(BS4=$H4,IF(BQ4=$F4,IF(BR4=$G4,IF($F4-$G4>=3,6,IF($G4-$F4>=3,6,IF($F4+$G4>=4,6,5))),3),3),0) -> 0 | BU4: 2 | BV4: 1 | BW4: =IF(BU4>BV4,"1",IF(BU4<BV4,"2","X")) -> 1 | BX4: =IF(BW4=$H4,IF(BU4=$F4,IF(BV4=$G4,IF($F4-$G4>=3,6,IF($G4-$F4>=3,6,IF($F4+$G4>=4,6,5))),3),3),0) -> 0 | BY4: 2 | BZ4: 1 | CA4: =IF(BY4>BZ4,"1",IF(BY4<BZ4,"2","X")) -> 1 | CB4: =IF(CA4=$H4,IF(BY4=$F4,IF(BZ4=$G4,IF($F4-$G4>=3,6,IF($G4-$F4>=3,6,IF($F4+$G4>=4,6,5))),3),3),0) -> 0 | CC4: 2 | CD4: 1 | CE4: =IF(CC4>CD4,"1",IF(CC4<CD4,"2","X")) -> 1 | CF4: =IF(CE4=$H4,IF(CC4=$F4,IF(CD4=$G4,IF($F4-$G4>=3,6,IF($G4-$F4>=3,6,IF($F4+$G4>=4,6,5))),3),3),0) -> 0 | CG4: 2 | CH4: 0 | CI4: =IF(CG4>CH4,"1",IF(CG4<CH4,"2","X")) -> 1 | CJ4: =IF(CI4=$H4,IF(CG4=$F4,IF(CH4=$G4,IF($F4-$G4>=3,6,IF($G4-$F4>=3,6,IF($F4+$G4>=4,6,5))),3),3),0) -> 0 | CK4: 2 | CL4: 1 | CM4: =IF(CK4>CL4,"1",IF(CK4<CL4,"2","X")) -> 1 | CN4: =IF(CM4=$H4,IF(CK4=$F4,IF(CL4=$G4,IF($F4-$G4>=3,6,IF($G4-$F4>=3,6,IF($F4+$G4>=4,6,5))),3),3),0) -> 0 | CO4: 2 | CP4: 0 | CQ4: =IF(CO4>CP4,"1",IF(CO4<CP4,"2","X")) -> 1 | CR4: =IF(CQ4=$H4,IF(CO4=$F4,IF(CP4=$G4,IF($F4-$G4>=3,6,IF($G4-$F4>=3,6,IF($F4+$G4>=4,6,5))),3),3),0) -> 0 | CS4: 2 | CT4: 0 | CU4: =IF(CS4>CT4,"1",IF(CS4<CT4,"2","X")) -> 1 | CV4: =IF(CU4=$H4,IF(CS4=$F4,IF(CT4=$G4,IF($F4-$G4>=3,6,IF($G4-$F4>=3,6,IF($F4+$G4>=4,6,5))),3),3),0) -> 0 | CW4: 2 | CX4: 1 | CY4: =IF(CW4>CX4,"1",IF(CW4<CX4,"2","X")) -> 1 | CZ4: =IF(CY4=$H4,IF(CW4=$F4,IF(CX4=$G4,IF($F4-$G4>=3,6,IF($G4-$F4>=3,6,IF($F4+$G4>=4,6,5))),3),3),0) -> 0 | DA4: 2 | DB4: 0 | DC4: =IF(DA4>DB4,"1",IF(DA4<DB4,"2","X")) -> 1 | DD4: =IF(DC4=$H4,IF(DA4=$F4,IF(DB4=$G4,IF($F4-$G4>=3,6,IF($G4-$F4>=3,6,IF($F4+$G4>=4,6,5))),3),3),0) -> 0 | DE4: 2 | DF4: 0 | DG4: =IF(DE4>DF4,"1",IF(DE4<DF4,"2","X")) -> 1 | DH4: =IF(DG4=$H4,IF(DE4=$F4,IF(DF4=$G4,IF($F4-$G4>=3,6,IF($G4-$F4>=3,6,IF($F4+$G4>=4,6,5))),3),3),0) -> 0 | DI4: 2 | DJ4: 0 | DK4: =IF(DI4>DJ4,"1",IF(DI4<DJ4,"2","X")) -> 1 | DL4: =IF(DK4=$H4,IF(DI4=$F4,IF(DJ4=$G4,IF($F4-$G4>=3,6,IF($G4-$F4>=3,6,IF($F4+$G4>=4,6,5))),3),3),0) -> 0 | DM4: 2 | DN4: 0 | DO4: =IF(DM4>DN4,"1",IF(DM4<DN4,"2","X")) -> 1 | DP4: =IF(DO4=$H4,IF(DM4=$F4,IF(DN4=$G4,IF($F4-$G4>=3,6,IF($G4-$F4>=3,6,IF($F4+$G4>=4,6,5))),3),3),0) -> 0
A5: 44723 | B5: 06:00 | C5: South Korea | D5: Czech Republic | E5: =L5+P5+T5+X5+AB5+AF5+AJ5+AN5+AR5+AV5+AZ5+BD5+BH5+BL5+BP5+BT5+BX5+CB5+CF5+CJ5+CN5+CR5+CV5+CZ5+DD5+DH5+DL5 -> 0 | H5: =IF(ISNUMBER(F5),IF(F5>G5,"1",IF(F5<G5,"2","X"))) -> FALSE | I5: 1 | J5: 1 | K5: =IF(I5>J5,"1",IF(I5<J5,"2","X")) -> X | L5: =IF(K5=$H5,IF(I5=$F5,IF(J5=$G5,IF($F5-$G5>=3,6,IF($G5-$F5>=3,6,IF($F5+$G5>=4,6,5))),3),3),0) -> 0 | M5: 1 | N5: 1 | O5: =IF(M5>N5,"1",IF(M5<N5,"2","X")) -> X | P5: =IF(O5=$H5,IF(M5=$F5,IF(N5=$G5,IF($F5-$G5>=3,6,IF($G5-$F5>=3,6,IF($F5+$G5>=4,6,5))),3),3),0) -> 0 | Q5: 0 | R5: 0 | S5: =IF(Q5>R5,"1",IF(Q5<R5,"2","X")) -> X | T5: =IF(S5=$H5,IF(Q5=$F5,IF(R5=$G5,IF($F5-$G5>=3,6,IF($G5-$F5>=3,6,IF($F5+$G5>=4,6,5))),3),3),0) -> 0 | U5: 1 | V5: 1 | W5: =IF(U5>V5,"1",IF(U5<V5,"2","X")) -> X | X5: =IF(W5=$H5,IF(U5=$F5,IF(V5=$G5,IF($F5-$G5>=3,6,IF($G5-$F5>=3,6,IF($F5+$G5>=4,6,5))),3),3),0) -> 0 | Y5: 0 | Z5: 1 | AA5: =IF(Y5>Z5,"1",IF(Y5<Z5,"2","X")) -> 2 | AB5: =IF(AA5=$H5,IF(Y5=$F5,IF(Z5=$G5,IF($F5-$G5>=3,6,IF($G5-$F5>=3,6,IF($F5+$G5>=4,6,5))),3),3),0) -> 0 | AC5: 1 | AD5: 1 | AE5: =IF(AC5>AD5,"1",IF(AC5<AD5,"2","X")) -> X | AF5: =IF(AE5=$H5,IF(AC5=$F5,IF(AD5=$G5,IF($F5-$G5>=3,6,IF($G5-$F5>=3,6,IF($F5+$G5>=4,6,5))),3),3),0) -> 0 | AG5: 1 | AH5: 2 | AI5: =IF(AG5>AH5,"1",IF(AG5<AH5,"2","X")) -> 2 | AJ5: =IF(AI5=$H5,IF(AG5=$F5,IF(AH5=$G5,IF($F5-$G5>=3,6,IF($G5-$F5>=3,6,IF($F5+$G5>=4,6,5))),3),3),0) -> 0 | AK5: 0 | AL5: 2 | AM5: =IF(AK5>AL5,"1",IF(AK5<AL5,"2","X")) -> 2 | AN5: =IF(AM5=$H5,IF(AK5=$F5,IF(AL5=$G5,IF($F5-$G5>=3,6,IF($G5-$F5>=3,6,IF($F5+$G5>=4,6,5))),3),3),0) -> 0 | AO5: 2 | AP5: 1 | AQ5: =IF(AO5>AP5,"1",IF(AO5<AP5,"2","X")) -> 1 | AR5: =IF(AQ5=$H5,IF(AO5=$F5,IF(AP5=$G5,IF($F5-$G5>=3,6,IF($G5-$F5>=3,6,IF($F5+$G5>=4,6,5))),3),3),0) -> 0 | AS5: 2 | AT5: 1 | AU5: =IF(AS5>AT5,"1",IF(AS5<AT5,"2","X")) -> 1 | AV5: =IF(AU5=$H5,IF(AS5=$F5,IF(AT5=$G5,IF($F5-$G5>=3,6,IF($G5-$F5>=3,6,IF($F5+$G5>=4,6,5))),3),3),0) -> 0 | AW5: 1 | AX5: 1 | AY5: =IF(AW5>AX5,"1",IF(AW5<AX5,"2","X")) -> X | AZ5: =IF(AY5=$H5,IF(AW5=$F5,IF(AX5=$G5,IF($F5-$G5>=3,6,IF($G5-$F5>=3,6,IF($F5+$G5>=4,6,5))),3),3),0) -> 0 | BA5: 1 | BB5: 2 | BC5: =IF(BA5>BB5,"1",IF(BA5<BB5,"2","X")) -> 2 | BD5: =IF(BC5=$H5,IF(BA5=$F5,IF(BB5=$G5,IF($F5-$G5>=3,6,IF($G5-$F5>=3,6,IF($F5+$G5>=4,6,5))),3),3),0) -> 0 | BE5: 1 | BF5: 1 | BG5: =IF(BE5>BF5,"1",IF(BE5<BF5,"2","X")) -> X | BH5: =IF(BG5=$H5,IF(BE5=$F5,IF(BF5=$G5,IF($F5-$G5>=3,6,IF($G5-$F5>=3,6,IF($F5+$G5>=4,6,5))),3),3),0) -> 0 | BI5: 1 | BJ5: 0 | BK5: =IF(BI5>BJ5,"1",IF(BI5<BJ5,"2","X")) -> 1 | BL5: =IF(BK5=$H5,IF(BI5=$F5,IF(BJ5=$G5,IF($F5-$G5>=3,6,IF($G5-$F5>=3,6,IF($F5+$G5>=4,6,5))),3),3),0) -> 0 | BM5: 0 | BN5: 1 | BO5: =IF(BM5>BN5,"1",IF(BM5<BN5,"2","X")) -> 2 | BP5: =IF(BO5=$H5,IF(BM5=$F5,IF(BN5=$G5,IF($F5-$G5>=3,6,IF($G5-$F5>=3,6,IF($F5+$G5>=4,6,5))),3),3),0) -> 0 | BQ5: 1 | BR5: 2 | BS5: =IF(BQ5>BR5,"1",IF(BQ5<BR5,"2","X")) -> 2 | BT5: =IF(BS5=$H5,IF(BQ5=$F5,IF(BR5=$G5,IF($F5-$G5>=3,6,IF($G5-$F5>=3,6,IF($F5+$G5>=4,6,5))),3),3),0) -> 0 | BU5: 2 | BV5: 3 | BW5: =IF(BU5>BV5,"1",IF(BU5<BV5,"2","X")) -> 2 | BX5: =IF(BW5=$H5,IF(BU5=$F5,IF(BV5=$G5,IF($F5-$G5>=3,6,IF($G5-$F5>=3,6,IF($F5+$G5>=4,6,5))),3),3),0) -> 0 | BY5: 1 | BZ5: 1 | CA5: =IF(BY5>BZ5,"1",IF(BY5<BZ5,"2","X")) -> X | CB5: =IF(CA5=$H5,IF(BY5=$F5,IF(BZ5=$G5,IF($F5-$G5>=3,6,IF($G5-$F5>=3,6,IF($F5+$G5>=4,6,5))),3),3),0) -> 0 | CC5: 1 | CD5: 1 | CE5: =IF(CC5>CD5,"1",IF(CC5<CD5,"2","X")) -> X | CF5: =IF(CE5=$H5,IF(CC5=$F5,IF(CD5=$G5,IF($F5-$G5>=3,6,IF($G5-$F5>=3,6,IF($F5+$G5>=4,6,5))),3),3),0) -> 0 | CG5: 1 | CH5: 1 | CI5: =IF(CG5>CH5,"1",IF(CG5<CH5,"2","X")) -> X | CJ5: =IF(CI5=$H5,IF(CG5=$F5,IF(CH5=$G5,IF($F5-$G5>=3,6,IF($G5-$F5>=3,6,IF($F5+$G5>=4,6,5))),3),3),0) -> 0 | CK5: 1 | CL5: 2 | CM5: =IF(CK5>CL5,"1",IF(CK5<CL5,"2","X")) -> 2 | CN5: =IF(CM5=$H5,IF(CK5=$F5,IF(CL5=$G5,IF($F5-$G5>=3,6,IF($G5-$F5>=3,6,IF($F5+$G5>=4,6,5))),3),3),0) -> 0 | CO5: 1 | CP5: 0 | CQ5: =IF(CO5>CP5,"1",IF(CO5<CP5,"2","X")) -> 1 | CR5: =IF(CQ5=$H5,IF(CO5=$F5,IF(CP5=$G5,IF($F5-$G5>=3,6,IF($G5-$F5>=3,6,IF($F5+$G5>=4,6,5))),3),3),0) -> 0 | CS5: 1 | CT5: 1 | CU5: =IF(CS5>CT5,"1",IF(CS5<CT5,"2","X")) -> X | CV5: =IF(CU5=$H5,IF(CS5=$F5,IF(CT5=$G5,IF($F5-$G5>=3,6,IF($G5-$F5>=3,6,IF($F5+$G5>=4,6,5))),3),3),0) -> 0 | CW5: 1 | CX5: 2 | CY5: =IF(CW5>CX5,"1",IF(CW5<CX5,"2","X")) -> 2 | CZ5: =IF(CY5=$H5,IF(CW5=$F5,IF(CX5=$G5,IF($F5-$G5>=3,6,IF($G5-$F5>=3,6,IF($F5+$G5>=4,6,5))),3),3),0) -> 0 | DA5: 0 | DB5: 1 | DC5: =IF(DA5>DB5,"1",IF(DA5<DB5,"2","X")) -> 2 | DD5: =IF(DC5=$H5,IF(DA5=$F5,IF(DB5=$G5,IF($F5-$G5>=3,6,IF($G5-$F5>=3,6,IF($F5+$G5>=4,6,5))),3),3),0) -> 0 | DE5: 1 | DF5: 1 | DG5: =IF(DE5>DF5,"1",IF(DE5<DF5,"2","X")) -> X | DH5: =IF(DG5=$H5,IF(DE5=$F5,IF(DF5=$G5,IF($F5-$G5>=3,6,IF($G5-$F5>=3,6,IF($F5+$G5>=4,6,5))),3),3),0) -> 0 | DI5: 1 | DJ5: 2 | DK5: =IF(DI5>DJ5,"1",IF(DI5<DJ5,"2","X")) -> 2 | DL5: =IF(DK5=$H5,IF(DI5=$F5,IF(DJ5=$G5,IF($F5-$G5>=3,6,IF($G5-$F5>=3,6,IF($F5+$G5>=4,6,5))),3),3),0) -> 0 | DM5: 1 | DN5: 1 | DO5: =IF(DM5>DN5,"1",IF(DM5<DN5,"2","X")) -> X | DP5: =IF(DO5=$H5,IF(DM5=$F5,IF(DN5=$G5,IF($F5-$G5>=3,6,IF($G5-$F5>=3,6,IF($F5+$G5>=4,6,5))),3),3),0) -> 0
A6: 44729 | B6: 20:00 | C6: Czech Republic | D6: South Africa | E6: =L6+P6+T6+X6+AB6+AF6+AJ6+AN6+AR6+AV6+AZ6+BD6+BH6+BL6+BP6+BT6+BX6+CB6+CF6+CJ6+CN6+CR6+CV6+CZ6+DD6+DH6+DL6 -> 0 | H6: =IF(ISNUMBER(F6),IF(F6>G6,"1",IF(F6<G6,"2","X"))) -> FALSE | I6: 2 | J6: 0 | K6: =IF(I6>J6,"1",IF(I6<J6,"2","X")) -> 1 | L6: =IF(K6=$H6,IF(I6=$F6,IF(J6=$G6,IF($F6-$G6>=3,6,IF($G6-$F6>=3,6,IF($F6+$G6>=4,6,5))),3),3),0) -> 0 | M6: 2 | N6: 1 | O6: =IF(M6>N6,"1",IF(M6<N6,"2","X")) -> 1 | P6: =IF(O6=$H6,IF(M6=$F6,IF(N6=$G6,IF($F6-$G6>=3,6,IF($G6-$F6>=3,6,IF($F6+$G6>=4,6,5))),3),3),0) -> 0 | Q6: 2 | R6: 1 | S6: =IF(Q6>R6,"1",IF(Q6<R6,"2","X")) -> 1 | T6: =IF(S6=$H6,IF(Q6=$F6,IF(R6=$G6,IF($F6-$G6>=3,6,IF($G6-$F6>=3,6,IF($F6+$G6>=4,6,5))),3),3),0) -> 0 | U6: 2 | V6: 0 | W6: =IF(U6>V6,"1",IF(U6<V6,"2","X")) -> 1 | X6: =IF(W6=$H6,IF(U6=$F6,IF(V6=$G6,IF($F6-$G6>=3,6,IF($G6-$F6>=3,6,IF($F6+$G6>=4,6,5))),3),3),0) -> 0 | Y6: 2 | Z6: 1 | AA6: =IF(Y6>Z6,"1",IF(Y6<Z6,"2","X")) -> 1 | AB6: =IF(AA6=$H6,IF(Y6=$F6,IF(Z6=$G6,IF($F6-$G6>=3,6,IF($G6-$F6>=3,6,IF($F6+$G6>=4,6,5))),3),3),0) -> 0 | AC6: 2 | AD6: 0 | AE6: =IF(AC6>AD6,"1",IF(AC6<AD6,"2","X")) -> 1 | AF6: =IF(AE6=$H6,IF(AC6=$F6,IF(AD6=$G6,IF($F6-$G6>=3,6,IF($G6-$F6>=3,6,IF($F6+$G6>=4,6,5))),3),3),0) -> 0 | AG6: 1 | AH6: 1 | AI6: =IF(AG6>AH6,"1",IF(AG6<AH6,"2","X")) -> X | AJ6: =IF(AI6=$H6,IF(AG6=$F6,IF(AH6=$G6,IF($F6-$G6>=3,6,IF($G6-$F6>=3,6,IF($F6+$G6>=4,6,5))),3),3),0) -> 0 | AK6: 2 | AL6: 1 | AM6: =IF(AK6>AL6,"1",IF(AK6<AL6,"2","X")) -> 1 | AN6: =IF(AM6=$H6,IF(AK6=$F6,IF(AL6=$G6,IF($F6-$G6>=3,6,IF($G6-$F6>=3,6,IF($F6+$G6>=4,6,5))),3),3),0) -> 0 | AO6: 0 | AP6: 0 | AQ6: =IF(AO6>AP6,"1",IF(AO6<AP6,"2","X")) -> X | AR6: =IF(AQ6=$H6,IF(AO6=$F6,IF(AP6=$G6,IF($F6-$G6>=3,6,IF($G6-$F6>=3,6,IF($F6+$G6>=4,6,5))),3),3),0) -> 0 | AS6: 2 | AT6: 0 | AU6: =IF(AS6>AT6,"1",IF(AS6<AT6,"2","X")) -> 1 | AV6: =IF(AU6=$H6,IF(AS6=$F6,IF(AT6=$G6,IF($F6-$G6>=3,6,IF($G6-$F6>=3,6,IF($F6+$G6>=4,6,5))),3),3),0) -> 0 | AW6: 0 | AX6: 0 | AY6: =IF(AW6>AX6,"1",IF(AW6<AX6,"2","X")) -> X | AZ6: =IF(AY6=$H6,IF(AW6=$F6,IF(AX6=$G6,IF($F6-$G6>=3,6,IF($G6-$F6>=3,6,IF($F6+$G6>=4,6,5))),3),3),0) -> 0 | BA6: 1 | BB6: 0 | BC6: =IF(BA6>BB6,"1",IF(BA6<BB6,"2","X")) -> 1 | BD6: =IF(BC6=$H6,IF(BA6=$F6,IF(BB6=$G6,IF($F6-$G6>=3,6,IF($G6-$F6>=3,6,IF($F6+$G6>=4,6,5))),3),3),0) -> 0 | BE6: 2 | BF6: 1 | BG6: =IF(BE6>BF6,"1",IF(BE6<BF6,"2","X")) -> 1 | BH6: =IF(BG6=$H6,IF(BE6=$F6,IF(BF6=$G6,IF($F6-$G6>=3,6,IF($G6-$F6>=3,6,IF($F6+$G6>=4,6,5))),3),3),0) -> 0 | BI6: 2 | BJ6: 1 | BK6: =IF(BI6>BJ6,"1",IF(BI6<BJ6,"2","X")) -> 1 | BL6: =IF(BK6=$H6,IF(BI6=$F6,IF(BJ6=$G6,IF($F6-$G6>=3,6,IF($G6-$F6>=3,6,IF($F6+$G6>=4,6,5))),3),3),0) -> 0 | BM6: 2 | BN6: 0 | BO6: =IF(BM6>BN6,"1",IF(BM6<BN6,"2","X")) -> 1 | BP6: =IF(BO6=$H6,IF(BM6=$F6,IF(BN6=$G6,IF($F6-$G6>=3,6,IF($G6-$F6>=3,6,IF($F6+$G6>=4,6,5))),3),3),0) -> 0 | BQ6: 2 | BR6: 0 | BS6: =IF(BQ6>BR6,"1",IF(BQ6<BR6,"2","X")) -> 1 | BT6: =IF(BS6=$H6,IF(BQ6=$F6,IF(BR6=$G6,IF($F6-$G6>=3,6,IF($G6-$F6>=3,6,IF($F6+$G6>=4,6,5))),3),3),0) -> 0 | BU6: 1 | BV6: 0 | BW6: =IF(BU6>BV6,"1",IF(BU6<BV6,"2","X")) -> 1 | BX6: =IF(BW6=$H6,IF(BU6=$F6,IF(BV6=$G6,IF($F6-$G6>=3,6,IF($G6-$F6>=3,6,IF($F6+$G6>=4,6,5))),3),3),0) -> 0 | BY6: 0 | BZ6: 2 | CA6: =IF(BY6>BZ6,"1",IF(BY6<BZ6,"2","X")) -> 2 | CB6: =IF(CA6=$H6,IF(BY6=$F6,IF(BZ6=$G6,IF($F6-$G6>=3,6,IF($G6-$F6>=3,6,IF($F6+$G6>=4,6,5))),3),3),0) -> 0 | CC6: 2 | CD6: 1 | CE6: =IF(CC6>CD6,"1",IF(CC6<CD6,"2","X")) -> 1 | CF6: =IF(CE6=$H6,IF(CC6=$F6,IF(CD6=$G6,IF($F6-$G6>=3,6,IF($G6-$F6>=3,6,IF($F6+$G6>=4,6,5))),3),3),0) -> 0 | CG6: 2 | CH6: 0 | CI6: =IF(CG6>CH6,"1",IF(CG6<CH6,"2","X")) -> 1 | CJ6: =IF(CI6=$H6,IF(CG6=$F6,IF(CH6=$G6,IF($F6-$G6>=3,6,IF($G6-$F6>=3,6,IF($F6+$G6>=4,6,5))),3),3),0) -> 0 | CK6: 3 | CL6: 1 | CM6: =IF(CK6>CL6,"1",IF(CK6<CL6,"2","X")) -> 1 | CN6: =IF(CM6=$H6,IF(CK6=$F6,IF(CL6=$G6,IF($F6-$G6>=3,6,IF($G6-$F6>=3,6,IF($F6+$G6>=4,6,5))),3),3),0) -> 0 | CO6: 1 | CP6: 0 | CQ6: =IF(CO6>CP6,"1",IF(CO6<CP6,"2","X")) -> 1 | CR6: =IF(CQ6=$H6,IF(CO6=$F6,IF(CP6=$G6,IF($F6-$G6>=3,6,IF($G6-$F6>=3,6,IF($F6+$G6>=4,6,5))),3),3),0) -> 0 | CS6: 1 | CT6: 0 | CU6: =IF(CS6>CT6,"1",IF(CS6<CT6,"2","X")) -> 1 | CV6: =IF(CU6=$H6,IF(CS6=$F6,IF(CT6=$G6,IF($F6-$G6>=3,6,IF($G6-$F6>=3,6,IF($F6+$G6>=4,6,5))),3),3),0) -> 0 | CW6: 1 | CX6: 2 | CY6: =IF(CW6>CX6,"1",IF(CW6<CX6,"2","X")) -> 2 | CZ6: =IF(CY6=$H6,IF(CW6=$F6,IF(CX6=$G6,IF($F6-$G6>=3,6,IF($G6-$F6>=3,6,IF($F6+$G6>=4,6,5))),3),3),0) -> 0 | DA6: 1 | DB6: 0 | DC6: =IF(DA6>DB6,"1",IF(DA6<DB6,"2","X")) -> 1 | DD6: =IF(DC6=$H6,IF(DA6=$F6,IF(DB6=$G6,IF($F6-$G6>=3,6,IF($G6-$F6>=3,6,IF($F6+$G6>=4,6,5))),3),3),0) -> 0 | DE6: 1 | DF6: 0 | DG6: =IF(DE6>DF6,"1",IF(DE6<DF6,"2","X")) -> 1 | DH6: =IF(DG6=$H6,IF(DE6=$F6,IF(DF6=$G6,IF($F6-$G6>=3,6,IF($G6-$F6>=3,6,IF($F6+$G6>=4,6,5))),3),3),0) -> 0 | DI6: 2 | DJ6: 0 | DK6: =IF(DI6>DJ6,"1",IF(DI6<DJ6,"2","X")) -> 1 | DL6: =IF(DK6=$H6,IF(DI6=$F6,IF(DJ6=$G6,IF($F6-$G6>=3,6,IF($G6-$F6>=3,6,IF($F6+$G6>=4,6,5))),3),3),0) -> 0 | DM6: 0 | DN6: 0 | DO6: =IF(DM6>DN6,"1",IF(DM6<DN6,"2","X")) -> X | DP6: =IF(DO6=$H6,IF(DM6=$F6,IF(DN6=$G6,IF($F6-$G6>=3,6,IF($G6-$F6>=3,6,IF($F6+$G6>=4,6,5))),3),3),0) -> 0
A7: 44730 | B7: 05:00 | C7: Mexico | D7: South Korea | E7: =L7+P7+T7+X7+AB7+AF7+AJ7+AN7+AR7+AV7+AZ7+BD7+BH7+BL7+BP7+BT7+BX7+CB7+CF7+CJ7+CN7+CR7+CV7+CZ7+DD7+DH7+DL7 -> 0 | H7: =IF(ISNUMBER(F7),IF(F7>G7,"1",IF(F7<G7,"2","X"))) -> FALSE | I7: 2 | J7: 1 | K7: =IF(I7>J7,"1",IF(I7<J7,"2","X")) -> 1 | L7: =IF(K7=$H7,IF(I7=$F7,IF(J7=$G7,IF($F7-$G7>=3,6,IF($G7-$F7>=3,6,IF($F7+$G7>=4,6,5))),3),3),0) -> 0 | M7: 1 | N7: 1 | O7: =IF(M7>N7,"1",IF(M7<N7,"2","X")) -> X | P7: =IF(O7=$H7,IF(M7=$F7,IF(N7=$G7,IF($F7-$G7>=3,6,IF($G7-$F7>=3,6,IF($F7+$G7>=4,6,5))),3),3),0) -> 0 | Q7: 2 | R7: 1 | S7: =IF(Q7>R7,"1",IF(Q7<R7,"2","X")) -> 1 | T7: =IF(S7=$H7,IF(Q7=$F7,IF(R7=$G7,IF($F7-$G7>=3,6,IF($G7-$F7>=3,6,IF($F7+$G7>=4,6,5))),3),3),0) -> 0 | U7: 2 | V7: 0 | W7: =IF(U7>V7,"1",IF(U7<V7,"2","X")) -> 1 | X7: =IF(W7=$H7,IF(U7=$F7,IF(V7=$G7,IF($F7-$G7>=3,6,IF($G7-$F7>=3,6,IF($F7+$G7>=4,6,5))),3),3),0) -> 0 | Y7: 1 | Z7: 1 | AA7: =IF(Y7>Z7,"1",IF(Y7<Z7,"2","X")) -> X | AB7: =IF(AA7=$H7,IF(Y7=$F7,IF(Z7=$G7,IF($F7-$G7>=3,6,IF($G7-$F7>=3,6,IF($F7+$G7>=4,6,5))),3),3),0) -> 0 | AC7: 2 | AD7: 1 | AE7: =IF(AC7>AD7,"1",IF(AC7<AD7,"2","X")) -> 1 | AF7: =IF(AE7=$H7,IF(AC7=$F7,IF(AD7=$G7,IF($F7-$G7>=3,6,IF($G7-$F7>=3,6,IF($F7+$G7>=4,6,5))),3),3),0) -> 0 | AG7: 1 | AH7: 1 | AI7: =IF(AG7>AH7,"1",IF(AG7<AH7,"2","X")) -> X | AJ7: =IF(AI7=$H7,IF(AG7=$F7,IF(AH7=$G7,IF($F7-$G7>=3,6,IF($G7-$F7>=3,6,IF($F7+$G7>=4,6,5))),3),3),0) -> 0 | AK7: 3 | AL7: 0 | AM7: =IF(AK7>AL7,"1",IF(AK7<AL7,"2","X")) -> 1 | AN7: =IF(AM7=$H7,IF(AK7=$F7,IF(AL7=$G7,IF($F7-$G7>=3,6,IF($G7-$F7>=3,6,IF($F7+$G7>=4,6,5))),3),3),0) -> 0 | AO7: 2 | AP7: 2 | AQ7: =IF(AO7>AP7,"1",IF(AO7<AP7,"2","X")) -> X | AR7: =IF(AQ7=$H7,IF(AO7=$F7,IF(AP7=$G7,IF($F7-$G7>=3,6,IF($G7-$F7>=3,6,IF($F7+$G7>=4,6,5))),3),3),0) -> 0 | AS7: 1 | AT7: 1 | AU7: =IF(AS7>AT7,"1",IF(AS7<AT7,"2","X")) -> X | AV7: =IF(AU7=$H7,IF(AS7=$F7,IF(AT7=$G7,IF($F7-$G7>=3,6,IF($G7-$F7>=3,6,IF($F7+$G7>=4,6,5))),3),3),0) -> 0 | AW7: 1 | AX7: 1 | AY7: =IF(AW7>AX7,"1",IF(AW7<AX7,"2","X")) -> X | AZ7: =IF(AY7=$H7,IF(AW7=$F7,IF(AX7=$G7,IF($F7-$G7>=3,6,IF($G7-$F7>=3,6,IF($F7+$G7>=4,6,5))),3),3),0) -> 0 | BA7: 3 | BB7: 1 | BC7: =IF(BA7>BB7,"1",IF(BA7<BB7,"2","X")) -> 1 | BD7: =IF(BC7=$H7,IF(BA7=$F7,IF(BB7=$G7,IF($F7-$G7>=3,6,IF($G7-$F7>=3,6,IF($F7+$G7>=4,6,5))),3),3),0) -> 0 | BE7: 1 | BF7: 2 | BG7: =IF(BE7>BF7,"1",IF(BE7<BF7,"2","X")) -> 2 | BH7: =IF(BG7=$H7,IF(BE7=$F7,IF(BF7=$G7,IF($F7-$G7>=3,6,IF($G7-$F7>=3,6,IF($F7+$G7>=4,6,5))),3),3),0) -> 0 | BI7: 1 | BJ7: 1 | BK7: =IF(BI7>BJ7,"1",IF(BI7<BJ7,"2","X")) -> X | BL7: =IF(BK7=$H7,IF(BI7=$F7,IF(BJ7=$G7,IF($F7-$G7>=3,6,IF($G7-$F7>=3,6,IF($F7+$G7>=4,6,5))),3),3),0) -> 0 | BM7: 2 | BN7: 1 | BO7: =IF(BM7>BN7,"1",IF(BM7<BN7,"2","X")) -> 1 | BP7: =IF(BO7=$H7,IF(BM7=$F7,IF(BN7=$G7,IF($F7-$G7>=3,6,IF($G7-$F7>=3,6,IF($F7+$G7>=4,6,5))),3),3),0) -> 0 | BQ7: 2 | BR7: 1 | BS7: =IF(BQ7>BR7,"1",IF(BQ7<BR7,"2","X")) -> 1 | BT7: =IF(BS7=$H7,IF(BQ7=$F7,IF(BR7=$G7,IF($F7-$G7>=3,6,IF($G7-$F7>=3,6,IF($F7+$G7>=4,6,5))),3),3),0) -> 0 | BU7: 2 | BV7: 0 | BW7: =IF(BU7>BV7,"1",IF(BU7<BV7,"2","X")) -> 1 | BX7: =IF(BW7=$H7,IF(BU7=$F7,IF(BV7=$G7,IF($F7-$G7>=3,6,IF($G7-$F7>=3,6,IF($F7+$G7>=4,6,5))),3),3),0) -> 0 | BY7: 1 | BZ7: 0 | CA7: =IF(BY7>BZ7,"1",IF(BY7<BZ7,"2","X")) -> 1 | CB7: =IF(CA7=$H7,IF(BY7=$F7,IF(BZ7=$G7,IF($F7-$G7>=3,6,IF($G7-$F7>=3,6,IF($F7+$G7>=4,6,5))),3),3),0) -> 0 | CC7: 2 | CD7: 0 | CE7: =IF(CC7>CD7,"1",IF(CC7<CD7,"2","X")) -> 1 | CF7: =IF(CE7=$H7,IF(CC7=$F7,IF(CD7=$G7,IF($F7-$G7>=3,6,IF($G7-$F7>=3,6,IF($F7+$G7>=4,6,5))),3),3),0) -> 0 | CG7: 1 | CH7: 0 | CI7: =IF(CG7>CH7,"1",IF(CG7<CH7,"2","X")) -> 1 | CJ7: =IF(CI7=$H7,IF(CG7=$F7,IF(CH7=$G7,IF($F7-$G7>=3,6,IF($G7-$F7>=3,6,IF($F7+$G7>=4,6,5))),3),3),0) -> 0 | CK7: 2 | CL7: 0 | CM7: =IF(CK7>CL7,"1",IF(CK7<CL7,"2","X")) -> 1 | CN7: =IF(CM7=$H7,IF(CK7=$F7,IF(CL7=$G7,IF($F7-$G7>=3,6,IF($G7-$F7>=3,6,IF($F7+$G7>=4,6,5))),3),3),0) -> 0 | CO7: 2 | CP7: 1 | CQ7: =IF(CO7>CP7,"1",IF(CO7<CP7,"2","X")) -> 1 | CR7: =IF(CQ7=$H7,IF(CO7=$F7,IF(CP7=$G7,IF($F7-$G7>=3,6,IF($G7-$F7>=3,6,IF($F7+$G7>=4,6,5))),3),3),0) -> 0 | CS7: 1 | CT7: 0 | CU7: =IF(CS7>CT7,"1",IF(CS7<CT7,"2","X")) -> 1 | CV7: =IF(CU7=$H7,IF(CS7=$F7,IF(CT7=$G7,IF($F7-$G7>=3,6,IF($G7-$F7>=3,6,IF($F7+$G7>=4,6,5))),3),3),0) -> 0 | CW7: 2 | CX7: 1 | CY7: =IF(CW7>CX7,"1",IF(CW7<CX7,"2","X")) -> 1 | CZ7: =IF(CY7=$H7,IF(CW7=$F7,IF(CX7=$G7,IF($F7-$G7>=3,6,IF($G7-$F7>=3,6,IF($F7+$G7>=4,6,5))),3),3),0) -> 0 | DA7: 2 | DB7: 1 | DC7: =IF(DA7>DB7,"1",IF(DA7<DB7,"2","X")) -> 1 | DD7: =IF(DC7=$H7,IF(DA7=$F7,IF(DB7=$G7,IF($F7-$G7>=3,6,IF($G7-$F7>=3,6,IF($F7+$G7>=4,6,5))),3),3),0) -> 0 | DE7: 2 | DF7: 1 | DG7: =IF(DE7>DF7,"1",IF(DE7<DF7,"2","X")) -> 1 | DH7: =IF(DG7=$H7,IF(DE7=$F7,IF(DF7=$G7,IF($F7-$G7>=3,6,IF($G7-$F7>=3,6,IF($F7+$G7>=4,6,5))),3),3),0) -> 0 | DI7: 2 | DJ7: 1 | DK7: =IF(DI7>DJ7,"1",IF(DI7<DJ7,"2","X")) -> 1 | DL7: =IF(DK7=$H7,IF(DI7=$F7,IF(DJ7=$G7,IF($F7-$G7>=3,6,IF($G7-$F7>=3,6,IF($F7+$G7>=4,6,5))),3),3),0) -> 0 | DM7: 2 | DN7: 2 | DO7: =IF(DM7>DN7,"1",IF(DM7<DN7,"2","X")) -> X | DP7: =IF(DO7=$H7,IF(DM7=$F7,IF(DN7=$G7,IF($F7-$G7>=3,6,IF($G7-$F7>=3,6,IF($F7+$G7>=4,6,5))),3),3),0) -> 0
A8: 44736 | B8: 05:00 | C8: Czech Republic | D8: Mexico | E8: =L8+P8+T8+X8+AB8+AF8+AJ8+AN8+AR8+AV8+AZ8+BD8+BH8+BL8+BP8+BT8+BX8+CB8+CF8+CJ8+CN8+CR8+CV8+CZ8+DD8+DH8+DL8 -> 0 | H8: =IF(ISNUMBER(F8),IF(F8>G8,"1",IF(F8<G8,"2","X"))) -> FALSE | K8: =IF(I8>J8,"1",IF(I8<J8,"2","X")) -> X | L8: =IF(K8=$H8,IF(I8=$F8,IF(J8=$G8,IF($F8-$G8>=3,6,IF($G8-$F8>=3,6,IF($F8+$G8>=4,6,5))),3),3),0) -> 0 | O8: =IF(M8>N8,"1",IF(M8<N8,"2","X")) -> X | P8: =IF(O8=$H8,IF(M8=$F8,IF(N8=$G8,IF($F8-$G8>=3,6,IF($G8-$F8>=3,6,IF($F8+$G8>=4,6,5))),3),3),0) -> 0 | S8: =IF(Q8>R8,"1",IF(Q8<R8,"2","X")) -> X | T8: =IF(S8=$H8,IF(Q8=$F8,IF(R8=$G8,IF($F8-$G8>=3,6,IF($G8-$F8>=3,6,IF($F8+$G8>=4,6,5))),3),3),0) -> 0 | W8: =IF(U8>V8,"1",IF(U8<V8,"2","X")) -> X | X8: =IF(W8=$H8,IF(U8=$F8,IF(V8=$G8,IF($F8-$G8>=3,6,IF($G8-$F8>=3,6,IF($F8+$G8>=4,6,5))),3),3),0) -> 0 | AA8: =IF(Y8>Z8,"1",IF(Y8<Z8,"2","X")) -> X | AB8: =IF(AA8=$H8,IF(Y8=$F8,IF(Z8=$G8,IF($F8-$G8>=3,6,IF($G8-$F8>=3,6,IF($F8+$G8>=4,6,5))),3),3),0) -> 0 | AE8: =IF(AC8>AD8,"1",IF(AC8<AD8,"2","X")) -> X | AF8: =IF(AE8=$H8,IF(AC8=$F8,IF(AD8=$G8,IF($F8-$G8>=3,6,IF($G8-$F8>=3,6,IF($F8+$G8>=4,6,5))),3),3),0) -> 0 | AI8: =IF(AG8>AH8,"1",IF(AG8<AH8,"2","X")) -> X | AJ8: =IF(AI8=$H8,IF(AG8=$F8,IF(AH8=$G8,IF($F8-$G8>=3,6,IF($G8-$F8>=3,6,IF($F8+$G8>=4,6,5))),3),3),0) -> 0 | AM8: =IF(AK8>AL8,"1",IF(AK8<AL8,"2","X")) -> X | AN8: =IF(AM8=$H8,IF(AK8=$F8,IF(AL8=$G8,IF($F8-$G8>=3,6,IF($G8-$F8>=3,6,IF($F8+$G8>=4,6,5))),3),3),0) -> 0 | AQ8: =IF(AO8>AP8,"1",IF(AO8<AP8,"2","X")) -> X | AR8: =IF(AQ8=$H8,IF(AO8=$F8,IF(AP8=$G8,IF($F8-$G8>=3,6,IF($G8-$F8>=3,6,IF($F8+$G8>=4,6,5))),3),3),0) -> 0 | AU8: =IF(AS8>AT8,"1",IF(AS8<AT8,"2","X")) -> X | AV8: =IF(AU8=$H8,IF(AS8=$F8,IF(AT8=$G8,IF($F8-$G8>=3,6,IF($G8-$F8>=3,6,IF($F8+$G8>=4,6,5))),3),3),0) -> 0 | AY8: =IF(AW8>AX8,"1",IF(AW8<AX8,"2","X")) -> X | AZ8: =IF(AY8=$H8,IF(AW8=$F8,IF(AX8=$G8,IF($F8-$G8>=3,6,IF($G8-$F8>=3,6,IF($F8+$G8>=4,6,5))),3),3),0) -> 0 | BC8: =IF(BA8>BB8,"1",IF(BA8<BB8,"2","X")) -> X | BD8: =IF(BC8=$H8,IF(BA8=$F8,IF(BB8=$G8,IF($F8-$G8>=3,6,IF($G8-$F8>=3,6,IF($F8+$G8>=4,6,5))),3),3),0) -> 0 | BG8: =IF(BE8>BF8,"1",IF(BE8<BF8,"2","X")) -> X | BH8: =IF(BG8=$H8,IF(BE8=$F8,IF(BF8=$G8,IF($F8-$G8>=3,6,IF($G8-$F8>=3,6,IF($F8+$G8>=4,6,5))),3),3),0) -> 0 | BK8: =IF(BI8>BJ8,"1",IF(BI8<BJ8,"2","X")) -> X | BL8: =IF(BK8=$H8,IF(BI8=$F8,IF(BJ8=$G8,IF($F8-$G8>=3,6,IF($G8-$F8>=3,6,IF($F8+$G8>=4,6,5))),3),3),0) -> 0 | BO8: =IF(BM8>BN8,"1",IF(BM8<BN8,"2","X")) -> X | BP8: =IF(BO8=$H8,IF(BM8=$F8,IF(BN8=$G8,IF($F8-$G8>=3,6,IF($G8-$F8>=3,6,IF($F8+$G8>=4,6,5))),3),3),0) -> 0 | BS8: =IF(BQ8>BR8,"1",IF(BQ8<BR8,"2","X")) -> X | BT8: =IF(BS8=$H8,IF(BQ8=$F8,IF(BR8=$G8,IF($F8-$G8>=3,6,IF($G8-$F8>=3,6,IF($F8+$G8>=4,6,5))),3),3),0) -> 0 | BW8: =IF(BU8>BV8,"1",IF(BU8<BV8,"2","X")) -> X | BX8: =IF(BW8=$H8,IF(BU8=$F8,IF(BV8=$G8,IF($F8-$G8>=3,6,IF($G8-$F8>=3,6,IF($F8+$G8>=4,6,5))),3),3),0) -> 0 | CA8: =IF(BY8>BZ8,"1",IF(BY8<BZ8,"2","X")) -> X | CB8: =IF(CA8=$H8,IF(BY8=$F8,IF(BZ8=$G8,IF($F8-$G8>=3,6,IF($G8-$F8>=3,6,IF($F8+$G8>=4,6,5))),3),3),0) -> 0 | CE8: =IF(CC8>CD8,"1",IF(CC8<CD8,"2","X")) -> X | CF8: =IF(CE8=$H8,IF(CC8=$F8,IF(CD8=$G8,IF($F8-$G8>=3,6,IF($G8-$F8>=3,6,IF($F8+$G8>=4,6,5))),3),3),0) -> 0 | CI8: =IF(CG8>CH8,"1",IF(CG8<CH8,"2","X")) -> X | CJ8: =IF(CI8=$H8,IF(CG8=$F8,IF(CH8=$G8,IF($F8-$G8>=3,6,IF($G8-$F8>=3,6,IF($F8+$G8>=4,6,5))),3),3),0) -> 0 | CM8: =IF(CK8>CL8,"1",IF(CK8<CL8,"2","X")) -> X | CN8: =IF(CM8=$H8,IF(CK8=$F8,IF(CL8=$G8,IF($F8-$G8>=3,6,IF($G8-$F8>=3,6,IF($F8+$G8>=4,6,5))),3),3),0) -> 0 | CQ8: =IF(CO8>CP8,"1",IF(CO8<CP8,"2","X")) -> X | CR8: =IF(CQ8=$H8,IF(CO8=$F8,IF(CP8=$G8,IF($F8-$G8>=3,6,IF($G8-$F8>=3,6,IF($F8+$G8>=4,6,5))),3),3),0) -> 0 | CU8: =IF(CS8>CT8,"1",IF(CS8<CT8,"2","X")) -> X | CV8: =IF(CU8=$H8,IF(CS8=$F8,IF(CT8=$G8,IF($F8-$G8>=3,6,IF($G8-$F8>=3,6,IF($F8+$G8>=4,6,5))),3),3),0) -> 0 | CY8: =IF(CW8>CX8,"1",IF(CW8<CX8,"2","X")) -> X | CZ8: =IF(CY8=$H8,IF(CW8=$F8,IF(CX8=$G8,IF($F8-$G8>=3,6,IF($G8-$F8>=3,6,IF($F8+$G8>=4,6,5))),3),3),0) -> 0 | DC8: =IF(DA8>DB8,"1",IF(DA8<DB8,"2","X")) -> X | DD8: =IF(DC8=$H8,IF(DA8=$F8,IF(DB8=$G8,IF($F8-$G8>=3,6,IF($G8-$F8>=3,6,IF($F8+$G8>=4,6,5))),3),3),0) -> 0 | DG8: =IF(DE8>DF8,"1",IF(DE8<DF8,"2","X")) -> X | DH8: =IF(DG8=$H8,IF(DE8=$F8,IF(DF8=$G8,IF($F8-$G8>=3,6,IF($G8-$F8>=3,6,IF($F8+$G8>=4,6,5))),3),3),0) -> 0 | DK8: =IF(DI8>DJ8,"1",IF(DI8<DJ8,"2","X")) -> X | DL8: =IF(DK8=$H8,IF(DI8=$F8,IF(DJ8=$G8,IF($F8-$G8>=3,6,IF($G8-$F8>=3,6,IF($F8+$G8>=4,6,5))),3),3),0) -> 0 | DO8: =IF(DM8>DN8,"1",IF(DM8<DN8,"2","X")) -> X | DP8: =IF(DO8=$H8,IF(DM8=$F8,IF(DN8=$G8,IF($F8-$G8>=3,6,IF($G8-$F8>=3,6,IF($F8+$G8>=4,6,5))),3),3),0) -> 0
A9: 44736 | B9: 05:00 | C9: South Africa | D9: South Korea | E9: =L9+P9+T9+X9+AB9+AF9+AJ9+AN9+AR9+AV9+AZ9+BD9+BH9+BL9+BP9+BT9+BX9+CB9+CF9+CJ9+CN9+CR9+CV9+CZ9+DD9+DH9+DL9 -> 0 | H9: =IF(ISNUMBER(F9),IF(F9>G9,"1",IF(F9<G9,"2","X"))) -> FALSE | K9: =IF(I9>J9,"1",IF(I9<J9,"2","X")) -> X | L9: =IF(K9=$H9,IF(I9=$F9,IF(J9=$G9,IF($F9-$G9>=3,6,IF($G9-$F9>=3,6,IF($F9+$G9>=4,6,5))),3),3),0) -> 0 | O9: =IF(M9>N9,"1",IF(M9<N9,"2","X")) -> X | P9: =IF(O9=$H9,IF(M9=$F9,IF(N9=$G9,IF($F9-$G9>=3,6,IF($G9-$F9>=3,6,IF($F9+$G9>=4,6,5))),3),3),0) -> 0 | S9: =IF(Q9>R9,"1",IF(Q9<R9,"2","X")) -> X | T9: =IF(S9=$H9,IF(Q9=$F9,IF(R9=$G9,IF($F9-$G9>=3,6,IF($G9-$F9>=3,6,IF($F9+$G9>=4,6,5))),3),3),0) -> 0 | W9: =IF(U9>V9,"1",IF(U9<V9,"2","X")) -> X | X9: =IF(W9=$H9,IF(U9=$F9,IF(V9=$G9,IF($F9-$G9>=3,6,IF($G9-$F9>=3,6,IF($F9+$G9>=4,6,5))),3),3),0) -> 0 | AA9: =IF(Y9>Z9,"1",IF(Y9<Z9,"2","X")) -> X | AB9: =IF(AA9=$H9,IF(Y9=$F9,IF(Z9=$G9,IF($F9-$G9>=3,6,IF($G9-$F9>=3,6,IF($F9+$G9>=4,6,5))),3),3),0) -> 0 | AE9: =IF(AC9>AD9,"1",IF(AC9<AD9,"2","X")) -> X | AF9: =IF(AE9=$H9,IF(AC9=$F9,IF(AD9=$G9,IF($F9-$G9>=3,6,IF($G9-$F9>=3,6,IF($F9+$G9>=4,6,5))),3),3),0) -> 0 | AI9: =IF(AG9>AH9,"1",IF(AG9<AH9,"2","X")) -> X | AJ9: =IF(AI9=$H9,IF(AG9=$F9,IF(AH9=$G9,IF($F9-$G9>=3,6,IF($G9-$F9>=3,6,IF($F9+$G9>=4,6,5))),3),3),0) -> 0 | AM9: =IF(AK9>AL9,"1",IF(AK9<AL9,"2","X")) -> X | AN9: =IF(AM9=$H9,IF(AK9=$F9,IF(AL9=$G9,IF($F9-$G9>=3,6,IF($G9-$F9>=3,6,IF($F9+$G9>=4,6,5))),3),3),0) -> 0 | AQ9: =IF(AO9>AP9,"1",IF(AO9<AP9,"2","X")) -> X | AR9: =IF(AQ9=$H9,IF(AO9=$F9,IF(AP9=$G9,IF($F9-$G9>=3,6,IF($G9-$F9>=3,6,IF($F9+$G9>=4,6,5))),3),3),0) -> 0 | AU9: =IF(AS9>AT9,"1",IF(AS9<AT9,"2","X")) -> X | AV9: =IF(AU9=$H9,IF(AS9=$F9,IF(AT9=$G9,IF($F9-$G9>=3,6,IF($G9-$F9>=3,6,IF($F9+$G9>=4,6,5))),3),3),0) -> 0 | AY9: =IF(AW9>AX9,"1",IF(AW9<AX9,"2","X")) -> X | AZ9: =IF(AY9=$H9,IF(AW9=$F9,IF(AX9=$G9,IF($F9-$G9>=3,6,IF($G9-$F9>=3,6,IF($F9+$G9>=4,6,5))),3),3),0) -> 0 | BC9: =IF(BA9>BB9,"1",IF(BA9<BB9,"2","X")) -> X | BD9: =IF(BC9=$H9,IF(BA9=$F9,IF(BB9=$G9,IF($F9-$G9>=3,6,IF($G9-$F9>=3,6,IF($F9+$G9>=4,6,5))),3),3),0) -> 0 | BG9: =IF(BE9>BF9,"1",IF(BE9<BF9,"2","X")) -> X | BH9: =IF(BG9=$H9,IF(BE9=$F9,IF(BF9=$G9,IF($F9-$G9>=3,6,IF($G9-$F9>=3,6,IF($F9+$G9>=4,6,5))),3),3),0) -> 0 | BK9: =IF(BI9>BJ9,"1",IF(BI9<BJ9,"2","X")) -> X | BL9: =IF(BK9=$H9,IF(BI9=$F9,IF(BJ9=$G9,IF($F9-$G9>=3,6,IF($G9-$F9>=3,6,IF($F9+$G9>=4,6,5))),3),3),0) -> 0 | BO9: =IF(BM9>BN9,"1",IF(BM9<BN9,"2","X")) -> X | BP9: =IF(BO9=$H9,IF(BM9=$F9,IF(BN9=$G9,IF($F9-$G9>=3,6,IF($G9-$F9>=3,6,IF($F9+$G9>=4,6,5))),3),3),0) -> 0 | BS9: =IF(BQ9>BR9,"1",IF(BQ9<BR9,"2","X")) -> X | BT9: =IF(BS9=$H9,IF(BQ9=$F9,IF(BR9=$G9,IF($F9-$G9>=3,6,IF($G9-$F9>=3,6,IF($F9+$G9>=4,6,5))),3),3),0) -> 0 | BW9: =IF(BU9>BV9,"1",IF(BU9<BV9,"2","X")) -> X | BX9: =IF(BW9=$H9,IF(BU9=$F9,IF(BV9=$G9,IF($F9-$G9>=3,6,IF($G9-$F9>=3,6,IF($F9+$G9>=4,6,5))),3),3),0) -> 0 | CA9: =IF(BY9>BZ9,"1",IF(BY9<BZ9,"2","X")) -> X | CB9: =IF(CA9=$H9,IF(BY9=$F9,IF(BZ9=$G9,IF($F9-$G9>=3,6,IF($G9-$F9>=3,6,IF($F9+$G9>=4,6,5))),3),3),0) -> 0 | CE9: =IF(CC9>CD9,"1",IF(CC9<CD9,"2","X")) -> X | CF9: =IF(CE9=$H9,IF(CC9=$F9,IF(CD9=$G9,IF($F9-$G9>=3,6,IF($G9-$F9>=3,6,IF($F9+$G9>=4,6,5))),3),3),0) -> 0 | CI9: =IF(CG9>CH9,"1",IF(CG9<CH9,"2","X")) -> X | CJ9: =IF(CI9=$H9,IF(CG9=$F9,IF(CH9=$G9,IF($F9-$G9>=3,6,IF($G9-$F9>=3,6,IF($F9+$G9>=4,6,5))),3),3),0) -> 0 | CM9: =IF(CK9>CL9,"1",IF(CK9<CL9,"2","X")) -> X | CN9: =IF(CM9=$H9,IF(CK9=$F9,IF(CL9=$G9,IF($F9-$G9>=3,6,IF($G9-$F9>=3,6,IF($F9+$G9>=4,6,5))),3),3),0) -> 0 | CQ9: =IF(CO9>CP9,"1",IF(CO9<CP9,"2","X")) -> X | CR9: =IF(CQ9=$H9,IF(CO9=$F9,IF(CP9=$G9,IF($F9-$G9>=3,6,IF($G9-$F9>=3,6,IF($F9+$G9>=4,6,5))),3),3),0) -> 0 | CU9: =IF(CS9>CT9,"1",IF(CS9<CT9,"2","X")) -> X | CV9: =IF(CU9=$H9,IF(CS9=$F9,IF(CT9=$G9,IF($F9-$G9>=3,6,IF($G9-$F9>=3,6,IF($F9+$G9>=4,6,5))),3),3),0) -> 0 | CY9: =IF(CW9>CX9,"1",IF(CW9<CX9,"2","X")) -> X | CZ9: =IF(CY9=$H9,IF(CW9=$F9,IF(CX9=$G9,IF($F9-$G9>=3,6,IF($G9-$F9>=3,6,IF($F9+$G9>=4,6,5))),3),3),0) -> 0 | DC9: =IF(DA9>DB9,"1",IF(DA9<DB9,"2","X")) -> X | DD9: =IF(DC9=$H9,IF(DA9=$F9,IF(DB9=$G9,IF($F9-$G9>=3,6,IF($G9-$F9>=3,6,IF($F9+$G9>=4,6,5))),3),3),0) -> 0 | DG9: =IF(DE9>DF9,"1",IF(DE9<DF9,"2","X")) -> X | DH9: =IF(DG9=$H9,IF(DE9=$F9,IF(DF9=$G9,IF($F9-$G9>=3,6,IF($G9-$F9>=3,6,IF($F9+$G9>=4,6,5))),3),3),0) -> 0 | DK9: =IF(DI9>DJ9,"1",IF(DI9<DJ9,"2","X")) -> X | DL9: =IF(DK9=$H9,IF(DI9=$F9,IF(DJ9=$G9,IF($F9-$G9>=3,6,IF($G9-$F9>=3,6,IF($F9+$G9>=4,6,5))),3),3),0) -> 0 | DO9: =IF(DM9>DN9,"1",IF(DM9<DN9,"2","X")) -> X | DP9: =IF(DO9=$H9,IF(DM9=$F9,IF(DN9=$G9,IF($F9-$G9>=3,6,IF($G9-$F9>=3,6,IF($F9+$G9>=4,6,5))),3),3),0) -> 0
A10: 44723 | B10: 23:00 | C10: Canada | D10: Bosnia and Herzegovina | E10: =L10+P10+T10+X10+AB10+AF10+AJ10+AN10+AR10+AV10+AZ10+BD10+BH10+BL10+BP10+BT10+BX10+CB10+CF10+CJ10+CN10+CR10+CV10+CZ10+DD10+DH10+DL10 -> 0 | H10: =IF(ISNUMBER(F10),IF(F10>G10,"1",IF(F10<G10,"2","X"))) -> FALSE | I10: 1 | J10: 1 | K10: =IF(I10>J10,"1",IF(I10<J10,"2","X")) -> X | L10: =IF(K10=$H10,IF(I10=$F10,IF(J10=$G10,IF($F10-$G10>=3,6,IF($G10-$F10>=3,6,IF($F10+$G10>=4,6,5))),3),3),0) -> 0 | M10: 2 | N10: 1 | O10: =IF(M10>N10,"1",IF(M10<N10,"2","X")) -> 1 | P10: =IF(O10=$H10,IF(M10=$F10,IF(N10=$G10,IF($F10-$G10>=3,6,IF($G10-$F10>=3,6,IF($F10+$G10>=4,6,5))),3),3),0) -> 0 | Q10: 2 | R10: 1 | S10: =IF(Q10>R10,"1",IF(Q10<R10,"2","X")) -> 1 | T10: =IF(S10=$H10,IF(Q10=$F10,IF(R10=$G10,IF($F10-$G10>=3,6,IF($G10-$F10>=3,6,IF($F10+$G10>=4,6,5))),3),3),0) -> 0 | U10: 1 | V10: 0 | W10: =IF(U10>V10,"1",IF(U10<V10,"2","X")) -> 1 | X10: =IF(W10=$H10,IF(U10=$F10,IF(V10=$G10,IF($F10-$G10>=3,6,IF($G10-$F10>=3,6,IF($F10+$G10>=4,6,5))),3),3),0) -> 0 | Y10: 1 | Z10: 1 | AA10: =IF(Y10>Z10,"1",IF(Y10<Z10,"2","X")) -> X | AB10: =IF(AA10=$H10,IF(Y10=$F10,IF(Z10=$G10,IF($F10-$G10>=3,6,IF($G10-$F10>=3,6,IF($F10+$G10>=4,6,5))),3),3),0) -> 0 | AC10: 1 | AD10: 2 | AE10: =IF(AC10>AD10,"1",IF(AC10<AD10,"2","X")) -> 2 | AF10: =IF(AE10=$H10,IF(AC10=$F10,IF(AD10=$G10,IF($F10-$G10>=3,6,IF($G10-$F10>=3,6,IF($F10+$G10>=4,6,5))),3),3),0) -> 0 | AG10: 2 | AH10: 2 | AI10: =IF(AG10>AH10,"1",IF(AG10<AH10,"2","X")) -> X | AJ10: =IF(AI10=$H10,IF(AG10=$F10,IF(AH10=$G10,IF($F10-$G10>=3,6,IF($G10-$F10>=3,6,IF($F10+$G10>=4,6,5))),3),3),0) -> 0 | AK10: 0 | AL10: 1 | AM10: =IF(AK10>AL10,"1",IF(AK10<AL10,"2","X")) -> 2 | AN10: =IF(AM10=$H10,IF(AK10=$F10,IF(AL10=$G10,IF($F10-$G10>=3,6,IF($G10-$F10>=3,6,IF($F10+$G10>=4,6,5))),3),3),0) -> 0 | AO10: 2 | AP10: 0 | AQ10: =IF(AO10>AP10,"1",IF(AO10<AP10,"2","X")) -> 1 | AR10: =IF(AQ10=$H10,IF(AO10=$F10,IF(AP10=$G10,IF($F10-$G10>=3,6,IF($G10-$F10>=3,6,IF($F10+$G10>=4,6,5))),3),3),0) -> 0 | AS10: 2 | AT10: 0 | AU10: =IF(AS10>AT10,"1",IF(AS10<AT10,"2","X")) -> 1 | AV10: =IF(AU10=$H10,IF(AS10=$F10,IF(AT10=$G10,IF($F10-$G10>=3,6,IF($G10-$F10>=3,6,IF($F10+$G10>=4,6,5))),3),3),0) -> 0 | AW10: 2 | AX10: 1 | AY10: =IF(AW10>AX10,"1",IF(AW10<AX10,"2","X")) -> 1 | AZ10: =IF(AY10=$H10,IF(AW10=$F10,IF(AX10=$G10,IF($F10-$G10>=3,6,IF($G10-$F10>=3,6,IF($F10+$G10>=4,6,5))),3),3),0) -> 0 | BA10: 1 | BB10: 0 | BC10: =IF(BA10>BB10,"1",IF(BA10<BB10,"2","X")) -> 1 | BD10: =IF(BC10=$H10,IF(BA10=$F10,IF(BB10=$G10,IF($F10-$G10>=3,6,IF($G10-$F10>=3,6,IF($F10+$G10>=4,6,5))),3),3),0) -> 0 | BE10: 0 | BF10: 2 | BG10: =IF(BE10>BF10,"1",IF(BE10<BF10,"2","X")) -> 2 | BH10: =IF(BG10=$H10,IF(BE10=$F10,IF(BF10=$G10,IF($F10-$G10>=3,6,IF($G10-$F10>=3,6,IF($F10+$G10>=4,6,5))),3),3),0) -> 0 | BI10: 2 | BJ10: 0 | BK10: =IF(BI10>BJ10,"1",IF(BI10<BJ10,"2","X")) -> 1 | BL10: =IF(BK10=$H10,IF(BI10=$F10,IF(BJ10=$G10,IF($F10-$G10>=3,6,IF($G10-$F10>=3,6,IF($F10+$G10>=4,6,5))),3),3),0) -> 0 | BM10: 2 | BN10: 1 | BO10: =IF(BM10>BN10,"1",IF(BM10<BN10,"2","X")) -> 1 | BP10: =IF(BO10=$H10,IF(BM10=$F10,IF(BN10=$G10,IF($F10-$G10>=3,6,IF($G10-$F10>=3,6,IF($F10+$G10>=4,6,5))),3),3),0) -> 0 | BQ10: 2 | BR10: 1 | BS10: =IF(BQ10>BR10,"1",IF(BQ10<BR10,"2","X")) -> 1 | BT10: =IF(BS10=$H10,IF(BQ10=$F10,IF(BR10=$G10,IF($F10-$G10>=3,6,IF($G10-$F10>=3,6,IF($F10+$G10>=4,6,5))),3),3),0) -> 0 | BU10: 2 | BV10: 0 | BW10: =IF(BU10>BV10,"1",IF(BU10<BV10,"2","X")) -> 1 | BX10: =IF(BW10=$H10,IF(BU10=$F10,IF(BV10=$G10,IF($F10-$G10>=3,6,IF($G10-$F10>=3,6,IF($F10+$G10>=4,6,5))),3),3),0) -> 0 | BY10: 1 | BZ10: 0 | CA10: =IF(BY10>BZ10,"1",IF(BY10<BZ10,"2","X")) -> 1 | CB10: =IF(CA10=$H10,IF(BY10=$F10,IF(BZ10=$G10,IF($F10-$G10>=3,6,IF($G10-$F10>=3,6,IF($F10+$G10>=4,6,5))),3),3),0) -> 0 | CC10: 1 | CD10: 0 | CE10: =IF(CC10>CD10,"1",IF(CC10<CD10,"2","X")) -> 1 | CF10: =IF(CE10=$H10,IF(CC10=$F10,IF(CD10=$G10,IF($F10-$G10>=3,6,IF($G10-$F10>=3,6,IF($F10+$G10>=4,6,5))),3),3),0) -> 0 | CG10: 2 | CH10: 0 | CI10: =IF(CG10>CH10,"1",IF(CG10<CH10,"2","X")) -> 1 | CJ10: =IF(CI10=$H10,IF(CG10=$F10,IF(CH10=$G10,IF($F10-$G10>=3,6,IF($G10-$F10>=3,6,IF($F10+$G10>=4,6,5))),3),3),0) -> 0 | CK10: 1 | CL10: 1 | CM10: =IF(CK10>CL10,"1",IF(CK10<CL10,"2","X")) -> X | CN10: =IF(CM10=$H10,IF(CK10=$F10,IF(CL10=$G10,IF($F10-$G10>=3,6,IF($G10-$F10>=3,6,IF($F10+$G10>=4,6,5))),3),3),0) -> 0 | CO10: 1 | CP10: 0 | CQ10: =IF(CO10>CP10,"1",IF(CO10<CP10,"2","X")) -> 1 | CR10: =IF(CQ10=$H10,IF(CO10=$F10,IF(CP10=$G10,IF($F10-$G10>=3,6,IF($G10-$F10>=3,6,IF($F10+$G10>=4,6,5))),3),3),0) -> 0 | CS10: 1 | CT10: 0 | CU10: =IF(CS10>CT10,"1",IF(CS10<CT10,"2","X")) -> 1 | CV10: =IF(CU10=$H10,IF(CS10=$F10,IF(CT10=$G10,IF($F10-$G10>=3,6,IF($G10-$F10>=3,6,IF($F10+$G10>=4,6,5))),3),3),0) -> 0 | CW10: 1 | CX10: 0 | CY10: =IF(CW10>CX10,"1",IF(CW10<CX10,"2","X")) -> 1 | CZ10: =IF(CY10=$H10,IF(CW10=$F10,IF(CX10=$G10,IF($F10-$G10>=3,6,IF($G10-$F10>=3,6,IF($F10+$G10>=4,6,5))),3),3),0) -> 0 | DA10: 2 | DB10: 1 | DC10: =IF(DA10>DB10,"1",IF(DA10<DB10,"2","X")) -> 1 | DD10: =IF(DC10=$H10,IF(DA10=$F10,IF(DB10=$G10,IF($F10-$G10>=3,6,IF($G10-$F10>=3,6,IF($F10+$G10>=4,6,5))),3),3),0) -> 0 | DE10: 1 | DF10: 1 | DG10: =IF(DE10>DF10,"1",IF(DE10<DF10,"2","X")) -> X | DH10: =IF(DG10=$H10,IF(DE10=$F10,IF(DF10=$G10,IF($F10-$G10>=3,6,IF($G10-$F10>=3,6,IF($F10+$G10>=4,6,5))),3),3),0) -> 0 | DI10: 1 | DJ10: 1 | DK10: =IF(DI10>DJ10,"1",IF(DI10<DJ10,"2","X")) -> X | DL10: =IF(DK10=$H10,IF(DI10=$F10,IF(DJ10=$G10,IF($F10-$G10>=3,6,IF($G10-$F10>=3,6,IF($F10+$G10>=4,6,5))),3),3),0) -> 0 | DM10: 2 | DN10: 2 | DO10: =IF(DM10>DN10,"1",IF(DM10<DN10,"2","X")) -> X | DP10: =IF(DO10=$H10,IF(DM10=$F10,IF(DN10=$G10,IF($F10-$G10>=3,6,IF($G10-$F10>=3,6,IF($F10+$G10>=4,6,5))),3),3),0) -> 0
A11: 44724 | B11: 23:00 | C11: Qatar | D11: Switzerland | E11: =L11+P11+T11+X11+AB11+AF11+AJ11+AN11+AR11+AV11+AZ11+BD11+BH11+BL11+BP11+BT11+BX11+CB11+CF11+CJ11+CN11+CR11+CV11+CZ11+DD11+DH11+DL11 -> 0 | H11: =IF(ISNUMBER(F11),IF(F11>G11,"1",IF(F11<G11,"2","X"))) -> FALSE | I11: 0 | J11: 2 | K11: =IF(I11>J11,"1",IF(I11<J11,"2","X")) -> 2 | L11: =IF(K11=$H11,IF(I11=$F11,IF(J11=$G11,IF($F11-$G11>=3,6,IF($G11-$F11>=3,6,IF($F11+$G11>=4,6,5))),3),3),0) -> 0 | M11: 0 | N11: 3 | O11: =IF(M11>N11,"1",IF(M11<N11,"2","X")) -> 2 | P11: =IF(O11=$H11,IF(M11=$F11,IF(N11=$G11,IF($F11-$G11>=3,6,IF($G11-$F11>=3,6,IF($F11+$G11>=4,6,5))),3),3),0) -> 0 | Q11: 0 | R11: 2 | S11: =IF(Q11>R11,"1",IF(Q11<R11,"2","X")) -> 2 | T11: =IF(S11=$H11,IF(Q11=$F11,IF(R11=$G11,IF($F11-$G11>=3,6,IF($G11-$F11>=3,6,IF($F11+$G11>=4,6,5))),3),3),0) -> 0 | U11: 0 | V11: 2 | W11: =IF(U11>V11,"1",IF(U11<V11,"2","X")) -> 2 | X11: =IF(W11=$H11,IF(U11=$F11,IF(V11=$G11,IF($F11-$G11>=3,6,IF($G11-$F11>=3,6,IF($F11+$G11>=4,6,5))),3),3),0) -> 0 | Y11: 1 | Z11: 4 | AA11: =IF(Y11>Z11,"1",IF(Y11<Z11,"2","X")) -> 2 | AB11: =IF(AA11=$H11,IF(Y11=$F11,IF(Z11=$G11,IF($F11-$G11>=3,6,IF($G11-$F11>=3,6,IF($F11+$G11>=4,6,5))),3),3),0) -> 0 | AC11: 0 | AD11: 2 | AE11: =IF(AC11>AD11,"1",IF(AC11<AD11,"2","X")) -> 2 | AF11: =IF(AE11=$H11,IF(AC11=$F11,IF(AD11=$G11,IF($F11-$G11>=3,6,IF($G11-$F11>=3,6,IF($F11+$G11>=4,6,5))),3),3),0) -> 0 | AG11: 0 | AH11: 2 | AI11: =IF(AG11>AH11,"1",IF(AG11<AH11,"2","X")) -> 2 | AJ11: =IF(AI11=$H11,IF(AG11=$F11,IF(AH11=$G11,IF($F11-$G11>=3,6,IF($G11-$F11>=3,6,IF($F11+$G11>=4,6,5))),3),3),0) -> 0 | AK11: 0 | AL11: 3 | AM11: =IF(AK11>AL11,"1",IF(AK11<AL11,"2","X")) -> 2 | AN11: =IF(AM11=$H11,IF(AK11=$F11,IF(AL11=$G11,IF($F11-$G11>=3,6,IF($G11-$F11>=3,6,IF($F11+$G11>=4,6,5))),3),3),0) -> 0 | AO11: 0 | AP11: 3 | AQ11: =IF(AO11>AP11,"1",IF(AO11<AP11,"2","X")) -> 2 | AR11: =IF(AQ11=$H11,IF(AO11=$F11,IF(AP11=$G11,IF($F11-$G11>=3,6,IF($G11-$F11>=3,6,IF($F11+$G11>=4,6,5))),3),3),0) -> 0 | AS11: 0 | AT11: 3 | AU11: =IF(AS11>AT11,"1",IF(AS11<AT11,"2","X")) -> 2 | AV11: =IF(AU11=$H11,IF(AS11=$F11,IF(AT11=$G11,IF($F11-$G11>=3,6,IF($G11-$F11>=3,6,IF($F11+$G11>=4,6,5))),3),3),0) -> 0 | AW11: 0 | AX11: 2 | AY11: =IF(AW11>AX11,"1",IF(AW11<AX11,"2","X")) -> 2 | AZ11: =IF(AY11=$H11,IF(AW11=$F11,IF(AX11=$G11,IF($F11-$G11>=3,6,IF($G11-$F11>=3,6,IF($F11+$G11>=4,6,5))),3),3),0) -> 0 | BA11: 0 | BB11: 2 | BC11: =IF(BA11>BB11,"1",IF(BA11<BB11,"2","X")) -> 2 | BD11: =IF(BC11=$H11,IF(BA11=$F11,IF(BB11=$G11,IF($F11-$G11>=3,6,IF($G11-$F11>=3,6,IF($F11+$G11>=4,6,5))),3),3),0) -> 0 | BE11: 0 | BF11: 1 | BG11: =IF(BE11>BF11,"1",IF(BE11<BF11,"2","X")) -> 2 | BH11: =IF(BG11=$H11,IF(BE11=$F11,IF(BF11=$G11,IF($F11-$G11>=3,6,IF($G11-$F11>=3,6,IF($F11+$G11>=4,6,5))),3),3),0) -> 0 | BI11: 0 | BJ11: 2 | BK11: =IF(BI11>BJ11,"1",IF(BI11<BJ11,"2","X")) -> 2 | BL11: =IF(BK11=$H11,IF(BI11=$F11,IF(BJ11=$G11,IF($F11-$G11>=3,6,IF($G11-$F11>=3,6,IF($F11+$G11>=4,6,5))),3),3),0) -> 0 | BM11: 0 | BN11: 2 | BO11: =IF(BM11>BN11,"1",IF(BM11<BN11,"2","X")) -> 2 | BP11: =IF(BO11=$H11,IF(BM11=$F11,IF(BN11=$G11,IF($F11-$G11>=3,6,IF($G11-$F11>=3,6,IF($F11+$G11>=4,6,5))),3),3),0) -> 0 | BQ11: 0 | BR11: 1 | BS11: =IF(BQ11>BR11,"1",IF(BQ11<BR11,"2","X")) -> 2 | BT11: =IF(BS11=$H11,IF(BQ11=$F11,IF(BR11=$G11,IF($F11-$G11>=3,6,IF($G11-$F11>=3,6,IF($F11+$G11>=4,6,5))),3),3),0) -> 0 | BU11: 0 | BV11: 2 | BW11: =IF(BU11>BV11,"1",IF(BU11<BV11,"2","X")) -> 2 | BX11: =IF(BW11=$H11,IF(BU11=$F11,IF(BV11=$G11,IF($F11-$G11>=3,6,IF($G11-$F11>=3,6,IF($F11+$G11>=4,6,5))),3),3),0) -> 0 | BY11: 0 | BZ11: 3 | CA11: =IF(BY11>BZ11,"1",IF(BY11<BZ11,"2","X")) -> 2 | CB11: =IF(CA11=$H11,IF(BY11=$F11,IF(BZ11=$G11,IF($F11-$G11>=3,6,IF($G11-$F11>=3,6,IF($F11+$G11>=4,6,5))),3),3),0) -> 0 | CC11: 1 | CD11: 3 | CE11: =IF(CC11>CD11,"1",IF(CC11<CD11,"2","X")) -> 2 | CF11: =IF(CE11=$H11,IF(CC11=$F11,IF(CD11=$G11,IF($F11-$G11>=3,6,IF($G11-$F11>=3,6,IF($F11+$G11>=4,6,5))),3),3),0) -> 0 | CG11: 0 | CH11: 2 | CI11: =IF(CG11>CH11,"1",IF(CG11<CH11,"2","X")) -> 2 | CJ11: =IF(CI11=$H11,IF(CG11=$F11,IF(CH11=$G11,IF($F11-$G11>=3,6,IF($G11-$F11>=3,6,IF($F11+$G11>=4,6,5))),3),3),0) -> 0 | CK11: 0 | CL11: 3 | CM11: =IF(CK11>CL11,"1",IF(CK11<CL11,"2","X")) -> 2 | CN11: =IF(CM11=$H11,IF(CK11=$F11,IF(CL11=$G11,IF($F11-$G11>=3,6,IF($G11-$F11>=3,6,IF($F11+$G11>=4,6,5))),3),3),0) -> 0 | CO11: 0 | CP11: 2 | CQ11: =IF(CO11>CP11,"1",IF(CO11<CP11,"2","X")) -> 2 | CR11: =IF(CQ11=$H11,IF(CO11=$F11,IF(CP11=$G11,IF($F11-$G11>=3,6,IF($G11-$F11>=3,6,IF($F11+$G11>=4,6,5))),3),3),0) -> 0 | CS11: 0 | CT11: 2 | CU11: =IF(CS11>CT11,"1",IF(CS11<CT11,"2","X")) -> 2 | CV11: =IF(CU11=$H11,IF(CS11=$F11,IF(CT11=$G11,IF($F11-$G11>=3,6,IF($G11-$F11>=3,6,IF($F11+$G11>=4,6,5))),3),3),0) -> 0 | CW11: 0 | CX11: 2 | CY11: =IF(CW11>CX11,"1",IF(CW11<CX11,"2","X")) -> 2 | CZ11: =IF(CY11=$H11,IF(CW11=$F11,IF(CX11=$G11,IF($F11-$G11>=3,6,IF($G11-$F11>=3,6,IF($F11+$G11>=4,6,5))),3),3),0) -> 0 | DA11: 0 | DB11: 3 | DC11: =IF(DA11>DB11,"1",IF(DA11<DB11,"2","X")) -> 2 | DD11: =IF(DC11=$H11,IF(DA11=$F11,IF(DB11=$G11,IF($F11-$G11>=3,6,IF($G11-$F11>=3,6,IF($F11+$G11>=4,6,5))),3),3),0) -> 0 | DE11: 0 | DF11: 2 | DG11: =IF(DE11>DF11,"1",IF(DE11<DF11,"2","X")) -> 2 | DH11: =IF(DG11=$H11,IF(DE11=$F11,IF(DF11=$G11,IF($F11-$G11>=3,6,IF($G11-$F11>=3,6,IF($F11+$G11>=4,6,5))),3),3),0) -> 0 | DI11: 0 | DJ11: 3 | DK11: =IF(DI11>DJ11,"1",IF(DI11<DJ11,"2","X")) -> 2 | DL11: =IF(DK11=$H11,IF(DI11=$F11,IF(DJ11=$G11,IF($F11-$G11>=3,6,IF($G11-$F11>=3,6,IF($F11+$G11>=4,6,5))),3),3),0) -> 0 | DM11: 0 | DN11: 2 | DO11: =IF(DM11>DN11,"1",IF(DM11<DN11,"2","X")) -> 2 | DP11: =IF(DO11=$H11,IF(DM11=$F11,IF(DN11=$G11,IF($F11-$G11>=3,6,IF($G11-$F11>=3,6,IF($F11+$G11>=4,6,5))),3),3),0) -> 0
A12: 44729 | B12: 23:00 | C12: Switzerland | D12: Bosnia and Herzegovina | E12: =L12+P12+T12+X12+AB12+AF12+AJ12+AN12+AR12+AV12+AZ12+BD12+BH12+BL12+BP12+BT12+BX12+CB12+CF12+CJ12+CN12+CR12+CV12+CZ12+DD12+DH12+DL12 -> 0 | H12: =IF(ISNUMBER(F12),IF(F12>G12,"1",IF(F12<G12,"2","X"))) -> FALSE | I12: 2 | J12: 0 | K12: =IF(I12>J12,"1",IF(I12<J12,"2","X")) -> 1 | L12: =IF(K12=$H12,IF(I12=$F12,IF(J12=$G12,IF($F12-$G12>=3,6,IF($G12-$F12>=3,6,IF($F12+$G12>=4,6,5))),3),3),0) -> 0 | M12: 2 | N12: 1 | O12: =IF(M12>N12,"1",IF(M12<N12,"2","X")) -> 1 | P12: =IF(O12=$H12,IF(M12=$F12,IF(N12=$G12,IF($F12-$G12>=3,6,IF($G12-$F12>=3,6,IF($F12+$G12>=4,6,5))),3),3),0) -> 0 | Q12: 2 | R12: 1 | S12: =IF(Q12>R12,"1",IF(Q12<R12,"2","X")) -> 1 | T12: =IF(S12=$H12,IF(Q12=$F12,IF(R12=$G12,IF($F12-$G12>=3,6,IF($G12-$F12>=3,6,IF($F12+$G12>=4,6,5))),3),3),0) -> 0 | U12: 1 | V12: 1 | W12: =IF(U12>V12,"1",IF(U12<V12,"2","X")) -> X | X12: =IF(W12=$H12,IF(U12=$F12,IF(V12=$G12,IF($F12-$G12>=3,6,IF($G12-$F12>=3,6,IF($F12+$G12>=4,6,5))),3),3),0) -> 0 | Y12: 2 | Z12: 0 | AA12: =IF(Y12>Z12,"1",IF(Y12<Z12,"2","X")) -> 1 | AB12: =IF(AA12=$H12,IF(Y12=$F12,IF(Z12=$G12,IF($F12-$G12>=3,6,IF($G12-$F12>=3,6,IF($F12+$G12>=4,6,5))),3),3),0) -> 0 | AC12: 1 | AD12: 1 | AE12: =IF(AC12>AD12,"1",IF(AC12<AD12,"2","X")) -> X | AF12: =IF(AE12=$H12,IF(AC12=$F12,IF(AD12=$G12,IF($F12-$G12>=3,6,IF($G12-$F12>=3,6,IF($F12+$G12>=4,6,5))),3),3),0) -> 0 | AG12: 1 | AH12: 0 | AI12: =IF(AG12>AH12,"1",IF(AG12<AH12,"2","X")) -> 1 | AJ12: =IF(AI12=$H12,IF(AG12=$F12,IF(AH12=$G12,IF($F12-$G12>=3,6,IF($G12-$F12>=3,6,IF($F12+$G12>=4,6,5))),3),3),0) -> 0 | AK12: 1 | AL12: 1 | AM12: =IF(AK12>AL12,"1",IF(AK12<AL12,"2","X")) -> X | AN12: =IF(AM12=$H12,IF(AK12=$F12,IF(AL12=$G12,IF($F12-$G12>=3,6,IF($G12-$F12>=3,6,IF($F12+$G12>=4,6,5))),3),3),0) -> 0 | AO12: 2 | AP12: 0 | AQ12: =IF(AO12>AP12,"1",IF(AO12<AP12,"2","X")) -> 1 | AR12: =IF(AQ12=$H12,IF(AO12=$F12,IF(AP12=$G12,IF($F12-$G12>=3,6,IF($G12-$F12>=3,6,IF($F12+$G12>=4,6,5))),3),3),0) -> 0 | AS12: 1 | AT12: 1 | AU12: =IF(AS12>AT12,"1",IF(AS12<AT12,"2","X")) -> X | AV12: =IF(AU12=$H12,IF(AS12=$F12,IF(AT12=$G12,IF($F12-$G12>=3,6,IF($G12-$F12>=3,6,IF($F12+$G12>=4,6,5))),3),3),0) -> 0 | AW12: 2 | AX12: 0 | AY12: =IF(AW12>AX12,"1",IF(AW12<AX12,"2","X")) -> 1 | AZ12: =IF(AY12=$H12,IF(AW12=$F12,IF(AX12=$G12,IF($F12-$G12>=3,6,IF($G12-$F12>=3,6,IF($F12+$G12>=4,6,5))),3),3),0) -> 0 | BA12: 3 | BB12: 1 | BC12: =IF(BA12>BB12,"1",IF(BA12<BB12,"2","X")) -> 1 | BD12: =IF(BC12=$H12,IF(BA12=$F12,IF(BB12=$G12,IF($F12-$G12>=3,6,IF($G12-$F12>=3,6,IF($F12+$G12>=4,6,5))),3),3),0) -> 0 | BE12: 1 | BF12: 1 | BG12: =IF(BE12>BF12,"1",IF(BE12<BF12,"2","X")) -> X | BH12: =IF(BG12=$H12,IF(BE12=$F12,IF(BF12=$G12,IF($F12-$G12>=3,6,IF($G12-$F12>=3,6,IF($F12+$G12>=4,6,5))),3),3),0) -> 0 | BI12: 3 | BJ12: 0 | BK12: =IF(BI12>BJ12,"1",IF(BI12<BJ12,"2","X")) -> 1 | BL12: =IF(BK12=$H12,IF(BI12=$F12,IF(BJ12=$G12,IF($F12-$G12>=3,6,IF($G12-$F12>=3,6,IF($F12+$G12>=4,6,5))),3),3),0) -> 0 | BM12: 2 | BN12: 0 | BO12: =IF(BM12>BN12,"1",IF(BM12<BN12,"2","X")) -> 1 | BP12: =IF(BO12=$H12,IF(BM12=$F12,IF(BN12=$G12,IF($F12-$G12>=3,6,IF($G12-$F12>=3,6,IF($F12+$G12>=4,6,5))),3),3),0) -> 0 | BQ12: 2 | BR12: 1 | BS12: =IF(BQ12>BR12,"1",IF(BQ12<BR12,"2","X")) -> 1 | BT12: =IF(BS12=$H12,IF(BQ12=$F12,IF(BR12=$G12,IF($F12-$G12>=3,6,IF($G12-$F12>=3,6,IF($F12+$G12>=4,6,5))),3),3),0) -> 0 | BU12: 1 | BV12: 1 | BW12: =IF(BU12>BV12,"1",IF(BU12<BV12,"2","X")) -> X | BX12: =IF(BW12=$H12,IF(BU12=$F12,IF(BV12=$G12,IF($F12-$G12>=3,6,IF($G12-$F12>=3,6,IF($F12+$G12>=4,6,5))),3),3),0) -> 0 | BY12: 2 | BZ12: 0 | CA12: =IF(BY12>BZ12,"1",IF(BY12<BZ12,"2","X")) -> 1 | CB12: =IF(CA12=$H12,IF(BY12=$F12,IF(BZ12=$G12,IF($F12-$G12>=3,6,IF($G12-$F12>=3,6,IF($F12+$G12>=4,6,5))),3),3),0) -> 0 | CC12: 2 | CD12: 1 | CE12: =IF(CC12>CD12,"1",IF(CC12<CD12,"2","X")) -> 1 | CF12: =IF(CE12=$H12,IF(CC12=$F12,IF(CD12=$G12,IF($F12-$G12>=3,6,IF($G12-$F12>=3,6,IF($F12+$G12>=4,6,5))),3),3),0) -> 0 | CG12: 2 | CH12: 1 | CI12: =IF(CG12>CH12,"1",IF(CG12<CH12,"2","X")) -> 1 | CJ12: =IF(CI12=$H12,IF(CG12=$F12,IF(CH12=$G12,IF($F12-$G12>=3,6,IF($G12-$F12>=3,6,IF($F12+$G12>=4,6,5))),3),3),0) -> 0 | CK12: 2 | CL12: 0 | CM12: =IF(CK12>CL12,"1",IF(CK12<CL12,"2","X")) -> 1 | CN12: =IF(CM12=$H12,IF(CK12=$F12,IF(CL12=$G12,IF($F12-$G12>=3,6,IF($G12-$F12>=3,6,IF($F12+$G12>=4,6,5))),3),3),0) -> 0 | CO12: 2 | CP12: 0 | CQ12: =IF(CO12>CP12,"1",IF(CO12<CP12,"2","X")) -> 1 | CR12: =IF(CQ12=$H12,IF(CO12=$F12,IF(CP12=$G12,IF($F12-$G12>=3,6,IF($G12-$F12>=3,6,IF($F12+$G12>=4,6,5))),3),3),0) -> 0 | CS12: 2 | CT12: 1 | CU12: =IF(CS12>CT12,"1",IF(CS12<CT12,"2","X")) -> 1 | CV12: =IF(CU12=$H12,IF(CS12=$F12,IF(CT12=$G12,IF($F12-$G12>=3,6,IF($G12-$F12>=3,6,IF($F12+$G12>=4,6,5))),3),3),0) -> 0 | CW12: 1 | CX12: 1 | CY12: =IF(CW12>CX12,"1",IF(CW12<CX12,"2","X")) -> X | CZ12: =IF(CY12=$H12,IF(CW12=$F12,IF(CX12=$G12,IF($F12-$G12>=3,6,IF($G12-$F12>=3,6,IF($F12+$G12>=4,6,5))),3),3),0) -> 0 | DA12: 2 | DB12: 1 | DC12: =IF(DA12>DB12,"1",IF(DA12<DB12,"2","X")) -> 1 | DD12: =IF(DC12=$H12,IF(DA12=$F12,IF(DB12=$G12,IF($F12-$G12>=3,6,IF($G12-$F12>=3,6,IF($F12+$G12>=4,6,5))),3),3),0) -> 0 | DE12: 1 | DF12: 0 | DG12: =IF(DE12>DF12,"1",IF(DE12<DF12,"2","X")) -> 1 | DH12: =IF(DG12=$H12,IF(DE12=$F12,IF(DF12=$G12,IF($F12-$G12>=3,6,IF($G12-$F12>=3,6,IF($F12+$G12>=4,6,5))),3),3),0) -> 0 | DI12: 2 | DJ12: 0 | DK12: =IF(DI12>DJ12,"1",IF(DI12<DJ12,"2","X")) -> 1 | DL12: =IF(DK12=$H12,IF(DI12=$F12,IF(DJ12=$G12,IF($F12-$G12>=3,6,IF($G12-$F12>=3,6,IF($F12+$G12>=4,6,5))),3),3),0) -> 0 | DM12: 3 | DN12: 1 | DO12: =IF(DM12>DN12,"1",IF(DM12<DN12,"2","X")) -> 1 | DP12: =IF(DO12=$H12,IF(DM12=$F12,IF(DN12=$G12,IF($F12-$G12>=3,6,IF($G12-$F12>=3,6,IF($F12+$G12>=4,6,5))),3),3),0) -> 0
A13: 44730 | B13: 02:00 | C13: Canada | D13: Qatar | E13: =L13+P13+T13+X13+AB13+AF13+AJ13+AN13+AR13+AV13+AZ13+BD13+BH13+BL13+BP13+BT13+BX13+CB13+CF13+CJ13+CN13+CR13+CV13+CZ13+DD13+DH13+DL13 -> 0 | H13: =IF(ISNUMBER(F13),IF(F13>G13,"1",IF(F13<G13,"2","X"))) -> FALSE | I13: 2 | J13: 0 | K13: =IF(I13>J13,"1",IF(I13<J13,"2","X")) -> 1 | L13: =IF(K13=$H13,IF(I13=$F13,IF(J13=$G13,IF($F13-$G13>=3,6,IF($G13-$F13>=3,6,IF($F13+$G13>=4,6,5))),3),3),0) -> 0 | M13: 2 | N13: 0 | O13: =IF(M13>N13,"1",IF(M13<N13,"2","X")) -> 1 | P13: =IF(O13=$H13,IF(M13=$F13,IF(N13=$G13,IF($F13-$G13>=3,6,IF($G13-$F13>=3,6,IF($F13+$G13>=4,6,5))),3),3),0) -> 0 | Q13: 2 | R13: 0 | S13: =IF(Q13>R13,"1",IF(Q13<R13,"2","X")) -> 1 | T13: =IF(S13=$H13,IF(Q13=$F13,IF(R13=$G13,IF($F13-$G13>=3,6,IF($G13-$F13>=3,6,IF($F13+$G13>=4,6,5))),3),3),0) -> 0 | U13: 2 | V13: 0 | W13: =IF(U13>V13,"1",IF(U13<V13,"2","X")) -> 1 | X13: =IF(W13=$H13,IF(U13=$F13,IF(V13=$G13,IF($F13-$G13>=3,6,IF($G13-$F13>=3,6,IF($F13+$G13>=4,6,5))),3),3),0) -> 0 | Y13: 0 | Z13: 0 | AA13: =IF(Y13>Z13,"1",IF(Y13<Z13,"2","X")) -> X | AB13: =IF(AA13=$H13,IF(Y13=$F13,IF(Z13=$G13,IF($F13-$G13>=3,6,IF($G13-$F13>=3,6,IF($F13+$G13>=4,6,5))),3),3),0) -> 0 | AC13: 2 | AD13: 0 | AE13: =IF(AC13>AD13,"1",IF(AC13<AD13,"2","X")) -> 1 | AF13: =IF(AE13=$H13,IF(AC13=$F13,IF(AD13=$G13,IF($F13-$G13>=3,6,IF($G13-$F13>=3,6,IF($F13+$G13>=4,6,5))),3),3),0) -> 0 | AG13: 2 | AH13: 0 | AI13: =IF(AG13>AH13,"1",IF(AG13<AH13,"2","X")) -> 1 | AJ13: =IF(AI13=$H13,IF(AG13=$F13,IF(AH13=$G13,IF($F13-$G13>=3,6,IF($G13-$F13>=3,6,IF($F13+$G13>=4,6,5))),3),3),0) -> 0 | AK13: 2 | AL13: 0 | AM13: =IF(AK13>AL13,"1",IF(AK13<AL13,"2","X")) -> 1 | AN13: =IF(AM13=$H13,IF(AK13=$F13,IF(AL13=$G13,IF($F13-$G13>=3,6,IF($G13-$F13>=3,6,IF($F13+$G13>=4,6,5))),3),3),0) -> 0 | AO13: 3 | AP13: 0 | AQ13: =IF(AO13>AP13,"1",IF(AO13<AP13,"2","X")) -> 1 | AR13: =IF(AQ13=$H13,IF(AO13=$F13,IF(AP13=$G13,IF($F13-$G13>=3,6,IF($G13-$F13>=3,6,IF($F13+$G13>=4,6,5))),3),3),0) -> 0 | AS13: 2 | AT13: 0 | AU13: =IF(AS13>AT13,"1",IF(AS13<AT13,"2","X")) -> 1 | AV13: =IF(AU13=$H13,IF(AS13=$F13,IF(AT13=$G13,IF($F13-$G13>=3,6,IF($G13-$F13>=3,6,IF($F13+$G13>=4,6,5))),3),3),0) -> 0 | AW13: 2 | AX13: 0 | AY13: =IF(AW13>AX13,"1",IF(AW13<AX13,"2","X")) -> 1 | AZ13: =IF(AY13=$H13,IF(AW13=$F13,IF(AX13=$G13,IF($F13-$G13>=3,6,IF($G13-$F13>=3,6,IF($F13+$G13>=4,6,5))),3),3),0) -> 0 | BA13: 2 | BB13: 0 | BC13: =IF(BA13>BB13,"1",IF(BA13<BB13,"2","X")) -> 1 | BD13: =IF(BC13=$H13,IF(BA13=$F13,IF(BB13=$G13,IF($F13-$G13>=3,6,IF($G13-$F13>=3,6,IF($F13+$G13>=4,6,5))),3),3),0) -> 0 | BE13: 2 | BF13: 0 | BG13: =IF(BE13>BF13,"1",IF(BE13<BF13,"2","X")) -> 1 | BH13: =IF(BG13=$H13,IF(BE13=$F13,IF(BF13=$G13,IF($F13-$G13>=3,6,IF($G13-$F13>=3,6,IF($F13+$G13>=4,6,5))),3),3),0) -> 0 | BI13: 3 | BJ13: 0 | BK13: =IF(BI13>BJ13,"1",IF(BI13<BJ13,"2","X")) -> 1 | BL13: =IF(BK13=$H13,IF(BI13=$F13,IF(BJ13=$G13,IF($F13-$G13>=3,6,IF($G13-$F13>=3,6,IF($F13+$G13>=4,6,5))),3),3),0) -> 0 | BM13: 1 | BN13: 0 | BO13: =IF(BM13>BN13,"1",IF(BM13<BN13,"2","X")) -> 1 | BP13: =IF(BO13=$H13,IF(BM13=$F13,IF(BN13=$G13,IF($F13-$G13>=3,6,IF($G13-$F13>=3,6,IF($F13+$G13>=4,6,5))),3),3),0) -> 0 | BQ13: 2 | BR13: 1 | BS13: =IF(BQ13>BR13,"1",IF(BQ13<BR13,"2","X")) -> 1 | BT13: =IF(BS13=$H13,IF(BQ13=$F13,IF(BR13=$G13,IF($F13-$G13>=3,6,IF($G13-$F13>=3,6,IF($F13+$G13>=4,6,5))),3),3),0) -> 0 | BU13: 3 | BV13: 1 | BW13: =IF(BU13>BV13,"1",IF(BU13<BV13,"2","X")) -> 1 | BX13: =IF(BW13=$H13,IF(BU13=$F13,IF(BV13=$G13,IF($F13-$G13>=3,6,IF($G13-$F13>=3,6,IF($F13+$G13>=4,6,5))),3),3),0) -> 0 | BY13: 2 | BZ13: 0 | CA13: =IF(BY13>BZ13,"1",IF(BY13<BZ13,"2","X")) -> 1 | CB13: =IF(CA13=$H13,IF(BY13=$F13,IF(BZ13=$G13,IF($F13-$G13>=3,6,IF($G13-$F13>=3,6,IF($F13+$G13>=4,6,5))),3),3),0) -> 0 | CC13: 2 | CD13: 0 | CE13: =IF(CC13>CD13,"1",IF(CC13<CD13,"2","X")) -> 1 | CF13: =IF(CE13=$H13,IF(CC13=$F13,IF(CD13=$G13,IF($F13-$G13>=3,6,IF($G13-$F13>=3,6,IF($F13+$G13>=4,6,5))),3),3),0) -> 0 | CG13: 2 | CH13: 1 | CI13: =IF(CG13>CH13,"1",IF(CG13<CH13,"2","X")) -> 1 | CJ13: =IF(CI13=$H13,IF(CG13=$F13,IF(CH13=$G13,IF($F13-$G13>=3,6,IF($G13-$F13>=3,6,IF($F13+$G13>=4,6,5))),3),3),0) -> 0 | CK13: 2 | CL13: 1 | CM13: =IF(CK13>CL13,"1",IF(CK13<CL13,"2","X")) -> 1 | CN13: =IF(CM13=$H13,IF(CK13=$F13,IF(CL13=$G13,IF($F13-$G13>=3,6,IF($G13-$F13>=3,6,IF($F13+$G13>=4,6,5))),3),3),0) -> 0 | CO13: 3 | CP13: 0 | CQ13: =IF(CO13>CP13,"1",IF(CO13<CP13,"2","X")) -> 1 | CR13: =IF(CQ13=$H13,IF(CO13=$F13,IF(CP13=$G13,IF($F13-$G13>=3,6,IF($G13-$F13>=3,6,IF($F13+$G13>=4,6,5))),3),3),0) -> 0 | CS13: 2 | CT13: 0 | CU13: =IF(CS13>CT13,"1",IF(CS13<CT13,"2","X")) -> 1 | CV13: =IF(CU13=$H13,IF(CS13=$F13,IF(CT13=$G13,IF($F13-$G13>=3,6,IF($G13-$F13>=3,6,IF($F13+$G13>=4,6,5))),3),3),0) -> 0 | CW13: 2 | CX13: 0 | CY13: =IF(CW13>CX13,"1",IF(CW13<CX13,"2","X")) -> 1 | CZ13: =IF(CY13=$H13,IF(CW13=$F13,IF(CX13=$G13,IF($F13-$G13>=3,6,IF($G13-$F13>=3,6,IF($F13+$G13>=4,6,5))),3),3),0) -> 0 | DA13: 1 | DB13: 0 | DC13: =IF(DA13>DB13,"1",IF(DA13<DB13,"2","X")) -> 1 | DD13: =IF(DC13=$H13,IF(DA13=$F13,IF(DB13=$G13,IF($F13-$G13>=3,6,IF($G13-$F13>=3,6,IF($F13+$G13>=4,6,5))),3),3),0) -> 0 | DE13: 2 | DF13: 1 | DG13: =IF(DE13>DF13,"1",IF(DE13<DF13,"2","X")) -> 1 | DH13: =IF(DG13=$H13,IF(DE13=$F13,IF(DF13=$G13,IF($F13-$G13>=3,6,IF($G13-$F13>=3,6,IF($F13+$G13>=4,6,5))),3),3),0) -> 0 | DI13: 3 | DJ13: 1 | DK13: =IF(DI13>DJ13,"1",IF(DI13<DJ13,"2","X")) -> 1 | DL13: =IF(DK13=$H13,IF(DI13=$F13,IF(DJ13=$G13,IF($F13-$G13>=3,6,IF($G13-$F13>=3,6,IF($F13+$G13>=4,6,5))),3),3),0) -> 0 | DM13: 2 | DN13: 0 | DO13: =IF(DM13>DN13,"1",IF(DM13<DN13,"2","X")) -> 1 | DP13: =IF(DO13=$H13,IF(DM13=$F13,IF(DN13=$G13,IF($F13-$G13>=3,6,IF($G13-$F13>=3,6,IF($F13+$G13>=4,6,5))),3),3),0) -> 0
A14: 44735 | B14: 23:00 | C14: Switzerland | D14: Canada | E14: =L14+P14+T14+X14+AB14+AF14+AJ14+AN14+AR14+AV14+AZ14+BD14+BH14+BL14+BP14+BT14+BX14+CB14+CF14+CJ14+CN14+CR14+CV14+CZ14+DD14+DH14+DL14 -> 0 | H14: =IF(ISNUMBER(F14),IF(F14>G14,"1",IF(F14<G14,"2","X"))) -> FALSE | K14: =IF(I14>J14,"1",IF(I14<J14,"2","X")) -> X | L14: =IF(K14=$H14,IF(I14=$F14,IF(J14=$G14,IF($F14-$G14>=3,6,IF($G14-$F14>=3,6,IF($F14+$G14>=4,6,5))),3),3),0) -> 0 | O14: =IF(M14>N14,"1",IF(M14<N14,"2","X")) -> X | P14: =IF(O14=$H14,IF(M14=$F14,IF(N14=$G14,IF($F14-$G14>=3,6,IF($G14-$F14>=3,6,IF($F14+$G14>=4,6,5))),3),3),0) -> 0 | S14: =IF(Q14>R14,"1",IF(Q14<R14,"2","X")) -> X | T14: =IF(S14=$H14,IF(Q14=$F14,IF(R14=$G14,IF($F14-$G14>=3,6,IF($G14-$F14>=3,6,IF($F14+$G14>=4,6,5))),3),3),0) -> 0 | W14: =IF(U14>V14,"1",IF(U14<V14,"2","X")) -> X | X14: =IF(W14=$H14,IF(U14=$F14,IF(V14=$G14,IF($F14-$G14>=3,6,IF($G14-$F14>=3,6,IF($F14+$G14>=4,6,5))),3),3),0) -> 0 | AA14: =IF(Y14>Z14,"1",IF(Y14<Z14,"2","X")) -> X | AB14: =IF(AA14=$H14,IF(Y14=$F14,IF(Z14=$G14,IF($F14-$G14>=3,6,IF($G14-$F14>=3,6,IF($F14+$G14>=4,6,5))),3),3),0) -> 0 | AE14: =IF(AC14>AD14,"1",IF(AC14<AD14,"2","X")) -> X | AF14: =IF(AE14=$H14,IF(AC14=$F14,IF(AD14=$G14,IF($F14-$G14>=3,6,IF($G14-$F14>=3,6,IF($F14+$G14>=4,6,5))),3),3),0) -> 0 | AI14: =IF(AG14>AH14,"1",IF(AG14<AH14,"2","X")) -> X | AJ14: =IF(AI14=$H14,IF(AG14=$F14,IF(AH14=$G14,IF($F14-$G14>=3,6,IF($G14-$F14>=3,6,IF($F14+$G14>=4,6,5))),3),3),0) -> 0 | AM14: =IF(AK14>AL14,"1",IF(AK14<AL14,"2","X")) -> X | AN14: =IF(AM14=$H14,IF(AK14=$F14,IF(AL14=$G14,IF($F14-$G14>=3,6,IF($G14-$F14>=3,6,IF($F14+$G14>=4,6,5))),3),3),0) -> 0 | AQ14: =IF(AO14>AP14,"1",IF(AO14<AP14,"2","X")) -> X | AR14: =IF(AQ14=$H14,IF(AO14=$F14,IF(AP14=$G14,IF($F14-$G14>=3,6,IF($G14-$F14>=3,6,IF($F14+$G14>=4,6,5))),3),3),0) -> 0 | AU14: =IF(AS14>AT14,"1",IF(AS14<AT14,"2","X")) -> X | AV14: =IF(AU14=$H14,IF(AS14=$F14,IF(AT14=$G14,IF($F14-$G14>=3,6,IF($G14-$F14>=3,6,IF($F14+$G14>=4,6,5))),3),3),0) -> 0 | AY14: =IF(AW14>AX14,"1",IF(AW14<AX14,"2","X")) -> X | AZ14: =IF(AY14=$H14,IF(AW14=$F14,IF(AX14=$G14,IF($F14-$G14>=3,6,IF($G14-$F14>=3,6,IF($F14+$G14>=4,6,5))),3),3),0) -> 0 | BC14: =IF(BA14>BB14,"1",IF(BA14<BB14,"2","X")) -> X | BD14: =IF(BC14=$H14,IF(BA14=$F14,IF(BB14=$G14,IF($F14-$G14>=3,6,IF($G14-$F14>=3,6,IF($F14+$G14>=4,6,5))),3),3),0) -> 0 | BG14: =IF(BE14>BF14,"1",IF(BE14<BF14,"2","X")) -> X | BH14: =IF(BG14=$H14,IF(BE14=$F14,IF(BF14=$G14,IF($F14-$G14>=3,6,IF($G14-$F14>=3,6,IF($F14+$G14>=4,6,5))),3),3),0) -> 0 | BK14: =IF(BI14>BJ14,"1",IF(BI14<BJ14,"2","X")) -> X | BL14: =IF(BK14=$H14,IF(BI14=$F14,IF(BJ14=$G14,IF($F14-$G14>=3,6,IF($G14-$F14>=3,6,IF($F14+$G14>=4,6,5))),3),3),0) -> 0 | BO14: =IF(BM14>BN14,"1",IF(BM14<BN14,"2","X")) -> X | BP14: =IF(BO14=$H14,IF(BM14=$F14,IF(BN14=$G14,IF($F14-$G14>=3,6,IF($G14-$F14>=3,6,IF($F14+$G14>=4,6,5))),3),3),0) -> 0 | BS14: =IF(BQ14>BR14,"1",IF(BQ14<BR14,"2","X")) -> X | BT14: =IF(BS14=$H14,IF(BQ14=$F14,IF(BR14=$G14,IF($F14-$G14>=3,6,IF($G14-$F14>=3,6,IF($F14+$G14>=4,6,5))),3),3),0) -> 0 | BW14: =IF(BU14>BV14,"1",IF(BU14<BV14,"2","X")) -> X | BX14: =IF(BW14=$H14,IF(BU14=$F14,IF(BV14=$G14,IF($F14-$G14>=3,6,IF($G14-$F14>=3,6,IF($F14+$G14>=4,6,5))),3),3),0) -> 0 | CA14: =IF(BY14>BZ14,"1",IF(BY14<BZ14,"2","X")) -> X | CB14: =IF(CA14=$H14,IF(BY14=$F14,IF(BZ14=$G14,IF($F14-$G14>=3,6,IF($G14-$F14>=3,6,IF($F14+$G14>=4,6,5))),3),3),0) -> 0 | CE14: =IF(CC14>CD14,"1",IF(CC14<CD14,"2","X")) -> X | CF14: =IF(CE14=$H14,IF(CC14=$F14,IF(CD14=$G14,IF($F14-$G14>=3,6,IF($G14-$F14>=3,6,IF($F14+$G14>=4,6,5))),3),3),0) -> 0 | CI14: =IF(CG14>CH14,"1",IF(CG14<CH14,"2","X")) -> X | CJ14: =IF(CI14=$H14,IF(CG14=$F14,IF(CH14=$G14,IF($F14-$G14>=3,6,IF($G14-$F14>=3,6,IF($F14+$G14>=4,6,5))),3),3),0) -> 0 | CM14: =IF(CK14>CL14,"1",IF(CK14<CL14,"2","X")) -> X | CN14: =IF(CM14=$H14,IF(CK14=$F14,IF(CL14=$G14,IF($F14-$G14>=3,6,IF($G14-$F14>=3,6,IF($F14+$G14>=4,6,5))),3),3),0) -> 0 | CQ14: =IF(CO14>CP14,"1",IF(CO14<CP14,"2","X")) -> X | CR14: =IF(CQ14=$H14,IF(CO14=$F14,IF(CP14=$G14,IF($F14-$G14>=3,6,IF($G14-$F14>=3,6,IF($F14+$G14>=4,6,5))),3),3),0) -> 0 | CU14: =IF(CS14>CT14,"1",IF(CS14<CT14,"2","X")) -> X | CV14: =IF(CU14=$H14,IF(CS14=$F14,IF(CT14=$G14,IF($F14-$G14>=3,6,IF($G14-$F14>=3,6,IF($F14+$G14>=4,6,5))),3),3),0) -> 0 | CY14: =IF(CW14>CX14,"1",IF(CW14<CX14,"2","X")) -> X | CZ14: =IF(CY14=$H14,IF(CW14=$F14,IF(CX14=$G14,IF($F14-$G14>=3,6,IF($G14-$F14>=3,6,IF($F14+$G14>=4,6,5))),3),3),0) -> 0 | DC14: =IF(DA14>DB14,"1",IF(DA14<DB14,"2","X")) -> X | DD14: =IF(DC14=$H14,IF(DA14=$F14,IF(DB14=$G14,IF($F14-$G14>=3,6,IF($G14-$F14>=3,6,IF($F14+$G14>=4,6,5))),3),3),0) -> 0 | DG14: =IF(DE14>DF14,"1",IF(DE14<DF14,"2","X")) -> X | DH14: =IF(DG14=$H14,IF(DE14=$F14,IF(DF14=$G14,IF($F14-$G14>=3,6,IF($G14-$F14>=3,6,IF($F14+$G14>=4,6,5))),3),3),0) -> 0 | DK14: =IF(DI14>DJ14,"1",IF(DI14<DJ14,"2","X")) -> X | DL14: =IF(DK14=$H14,IF(DI14=$F14,IF(DJ14=$G14,IF($F14-$G14>=3,6,IF($G14-$F14>=3,6,IF($F14+$G14>=4,6,5))),3),3),0) -> 0 | DO14: =IF(DM14>DN14,"1",IF(DM14<DN14,"2","X")) -> X | DP14: =IF(DO14=$H14,IF(DM14=$F14,IF(DN14=$G14,IF($F14-$G14>=3,6,IF($G14-$F14>=3,6,IF($F14+$G14>=4,6,5))),3),3),0) -> 0
A15: 44735 | B15: 23:00 | C15: Bosnia and Herzegovina | D15: Qatar | E15: =L15+P15+T15+X15+AB15+AF15+AJ15+AN15+AR15+AV15+AZ15+BD15+BH15+BL15+BP15+BT15+BX15+CB15+CF15+CJ15+CN15+CR15+CV15+CZ15+DD15+DH15+DL15 -> 0 | H15: =IF(ISNUMBER(F15),IF(F15>G15,"1",IF(F15<G15,"2","X"))) -> FALSE | K15: =IF(I15>J15,"1",IF(I15<J15,"2","X")) -> X | L15: =IF(K15=$H15,IF(I15=$F15,IF(J15=$G15,IF($F15-$G15>=3,6,IF($G15-$F15>=3,6,IF($F15+$G15>=4,6,5))),3),3),0) -> 0 | O15: =IF(M15>N15,"1",IF(M15<N15,"2","X")) -> X | P15: =IF(O15=$H15,IF(M15=$F15,IF(N15=$G15,IF($F15-$G15>=3,6,IF($G15-$F15>=3,6,IF($F15+$G15>=4,6,5))),3),3),0) -> 0 | S15: =IF(Q15>R15,"1",IF(Q15<R15,"2","X")) -> X | T15: =IF(S15=$H15,IF(Q15=$F15,IF(R15=$G15,IF($F15-$G15>=3,6,IF($G15-$F15>=3,6,IF($F15+$G15>=4,6,5))),3),3),0) -> 0 | W15: =IF(U15>V15,"1",IF(U15<V15,"2","X")) -> X | X15: =IF(W15=$H15,IF(U15=$F15,IF(V15=$G15,IF($F15-$G15>=3,6,IF($G15-$F15>=3,6,IF($F15+$G15>=4,6,5))),3),3),0) -> 0 | AA15: =IF(Y15>Z15,"1",IF(Y15<Z15,"2","X")) -> X | AB15: =IF(AA15=$H15,IF(Y15=$F15,IF(Z15=$G15,IF($F15-$G15>=3,6,IF($G15-$F15>=3,6,IF($F15+$G15>=4,6,5))),3),3),0) -> 0 | AE15: =IF(AC15>AD15,"1",IF(AC15<AD15,"2","X")) -> X | AF15: =IF(AE15=$H15,IF(AC15=$F15,IF(AD15=$G15,IF($F15-$G15>=3,6,IF($G15-$F15>=3,6,IF($F15+$G15>=4,6,5))),3),3),0) -> 0 | AI15: =IF(AG15>AH15,"1",IF(AG15<AH15,"2","X")) -> X | AJ15: =IF(AI15=$H15,IF(AG15=$F15,IF(AH15=$G15,IF($F15-$G15>=3,6,IF($G15-$F15>=3,6,IF($F15+$G15>=4,6,5))),3),3),0) -> 0 | AM15: =IF(AK15>AL15,"1",IF(AK15<AL15,"2","X")) -> X | AN15: =IF(AM15=$H15,IF(AK15=$F15,IF(AL15=$G15,IF($F15-$G15>=3,6,IF($G15-$F15>=3,6,IF($F15+$G15>=4,6,5))),3),3),0) -> 0 | AQ15: =IF(AO15>AP15,"1",IF(AO15<AP15,"2","X")) -> X | AR15: =IF(AQ15=$H15,IF(AO15=$F15,IF(AP15=$G15,IF($F15-$G15>=3,6,IF($G15-$F15>=3,6,IF($F15+$G15>=4,6,5))),3),3),0) -> 0 | AU15: =IF(AS15>AT15,"1",IF(AS15<AT15,"2","X")) -> X | AV15: =IF(AU15=$H15,IF(AS15=$F15,IF(AT15=$G15,IF($F15-$G15>=3,6,IF($G15-$F15>=3,6,IF($F15+$G15>=4,6,5))),3),3),0) -> 0 | AY15: =IF(AW15>AX15,"1",IF(AW15<AX15,"2","X")) -> X | AZ15: =IF(AY15=$H15,IF(AW15=$F15,IF(AX15=$G15,IF($F15-$G15>=3,6,IF($G15-$F15>=3,6,IF($F15+$G15>=4,6,5))),3),3),0) -> 0 | BC15: =IF(BA15>BB15,"1",IF(BA15<BB15,"2","X")) -> X | BD15: =IF(BC15=$H15,IF(BA15=$F15,IF(BB15=$G15,IF($F15-$G15>=3,6,IF($G15-$F15>=3,6,IF($F15+$G15>=4,6,5))),3),3),0) -> 0 | BG15: =IF(BE15>BF15,"1",IF(BE15<BF15,"2","X")) -> X | BH15: =IF(BG15=$H15,IF(BE15=$F15,IF(BF15=$G15,IF($F15-$G15>=3,6,IF($G15-$F15>=3,6,IF($F15+$G15>=4,6,5))),3),3),0) -> 0 | BK15: =IF(BI15>BJ15,"1",IF(BI15<BJ15,"2","X")) -> X | BL15: =IF(BK15=$H15,IF(BI15=$F15,IF(BJ15=$G15,IF($F15-$G15>=3,6,IF($G15-$F15>=3,6,IF($F15+$G15>=4,6,5))),3),3),0) -> 0 | BO15: =IF(BM15>BN15,"1",IF(BM15<BN15,"2","X")) -> X | BP15: =IF(BO15=$H15,IF(BM15=$F15,IF(BN15=$G15,IF($F15-$G15>=3,6,IF($G15-$F15>=3,6,IF($F15+$G15>=4,6,5))),3),3),0) -> 0 | BS15: =IF(BQ15>BR15,"1",IF(BQ15<BR15,"2","X")) -> X | BT15: =IF(BS15=$H15,IF(BQ15=$F15,IF(BR15=$G15,IF($F15-$G15>=3,6,IF($G15-$F15>=3,6,IF($F15+$G15>=4,6,5))),3),3),0) -> 0 | BW15: =IF(BU15>BV15,"1",IF(BU15<BV15,"2","X")) -> X | BX15: =IF(BW15=$H15,IF(BU15=$F15,IF(BV15=$G15,IF($F15-$G15>=3,6,IF($G15-$F15>=3,6,IF($F15+$G15>=4,6,5))),3),3),0) -> 0 | CA15: =IF(BY15>BZ15,"1",IF(BY15<BZ15,"2","X")) -> X | CB15: =IF(CA15=$H15,IF(BY15=$F15,IF(BZ15=$G15,IF($F15-$G15>=3,6,IF($G15-$F15>=3,6,IF($F15+$G15>=4,6,5))),3),3),0) -> 0 | CE15: =IF(CC15>CD15,"1",IF(CC15<CD15,"2","X")) -> X | CF15: =IF(CE15=$H15,IF(CC15=$F15,IF(CD15=$G15,IF($F15-$G15>=3,6,IF($G15-$F15>=3,6,IF($F15+$G15>=4,6,5))),3),3),0) -> 0 | CI15: =IF(CG15>CH15,"1",IF(CG15<CH15,"2","X")) -> X | CJ15: =IF(CI15=$H15,IF(CG15=$F15,IF(CH15=$G15,IF($F15-$G15>=3,6,IF($G15-$F15>=3,6,IF($F15+$G15>=4,6,5))),3),3),0) -> 0 | CM15: =IF(CK15>CL15,"1",IF(CK15<CL15,"2","X")) -> X | CN15: =IF(CM15=$H15,IF(CK15=$F15,IF(CL15=$G15,IF($F15-$G15>=3,6,IF($G15-$F15>=3,6,IF($F15+$G15>=4,6,5))),3),3),0) -> 0 | CQ15: =IF(CO15>CP15,"1",IF(CO15<CP15,"2","X")) -> X | CR15: =IF(CQ15=$H15,IF(CO15=$F15,IF(CP15=$G15,IF($F15-$G15>=3,6,IF($G15-$F15>=3,6,IF($F15+$G15>=4,6,5))),3),3),0) -> 0 | CU15: =IF(CS15>CT15,"1",IF(CS15<CT15,"2","X")) -> X | CV15: =IF(CU15=$H15,IF(CS15=$F15,IF(CT15=$G15,IF($F15-$G15>=3,6,IF($G15-$F15>=3,6,IF($F15+$G15>=4,6,5))),3),3),0) -> 0 | CY15: =IF(CW15>CX15,"1",IF(CW15<CX15,"2","X")) -> X | CZ15: =IF(CY15=$H15,IF(CW15=$F15,IF(CX15=$G15,IF($F15-$G15>=3,6,IF($G15-$F15>=3,6,IF($F15+$G15>=4,6,5))),3),3),0) -> 0 | DC15: =IF(DA15>DB15,"1",IF(DA15<DB15,"2","X")) -> X | DD15: =IF(DC15=$H15,IF(DA15=$F15,IF(DB15=$G15,IF($F15-$G15>=3,6,IF($G15-$F15>=3,6,IF($F15+$G15>=4,6,5))),3),3),0) -> 0 | DG15: =IF(DE15>DF15,"1",IF(DE15<DF15,"2","X")) -> X | DH15: =IF(DG15=$H15,IF(DE15=$F15,IF(DF15=$G15,IF($F15-$G15>=3,6,IF($G15-$F15>=3,6,IF($F15+$G15>=4,6,5))),3),3),0) -> 0 | DK15: =IF(DI15>DJ15,"1",IF(DI15<DJ15,"2","X")) -> X | DL15: =IF(DK15=$H15,IF(DI15=$F15,IF(DJ15=$G15,IF($F15-$G15>=3,6,IF($G15-$F15>=3,6,IF($F15+$G15>=4,6,5))),3),3),0) -> 0 | DO15: =IF(DM15>DN15,"1",IF(DM15<DN15,"2","X")) -> X | DP15: =IF(DO15=$H15,IF(DM15=$F15,IF(DN15=$G15,IF($F15-$G15>=3,6,IF($G15-$F15>=3,6,IF($F15+$G15>=4,6,5))),3),3),0) -> 0
A16: 44725 | B16: 02:00 | C16: Brazil | D16: Morocco | E16: =L16+P16+T16+X16+AB16+AF16+AJ16+AN16+AR16+AV16+AZ16+BD16+BH16+BL16+BP16+BT16+BX16+CB16+CF16+CJ16+CN16+CR16+CV16+CZ16+DD16+DH16+DL16 -> 0 | H16: =IF(ISNUMBER(F16),IF(F16>G16,"1",IF(F16<G16,"2","X"))) -> FALSE | I16: 2 | J16: 1 | K16: =IF(I16>J16,"1",IF(I16<J16,"2","X")) -> 1 | L16: =IF(K16=$H16,IF(I16=$F16,IF(J16=$G16,IF($F16-$G16>=3,6,IF($G16-$F16>=3,6,IF($F16+$G16>=4,6,5))),3),3),0) -> 0 | M16: 1 | N16: 1 | O16: =IF(M16>N16,"1",IF(M16<N16,"2","X")) -> X | P16: =IF(O16=$H16,IF(M16=$F16,IF(N16=$G16,IF($F16-$G16>=3,6,IF($G16-$F16>=3,6,IF($F16+$G16>=4,6,5))),3),3),0) -> 0 | Q16: 2 | R16: 1 | S16: =IF(Q16>R16,"1",IF(Q16<R16,"2","X")) -> 1 | T16: =IF(S16=$H16,IF(Q16=$F16,IF(R16=$G16,IF($F16-$G16>=3,6,IF($G16-$F16>=3,6,IF($F16+$G16>=4,6,5))),3),3),0) -> 0 | U16: 2 | V16: 1 | W16: =IF(U16>V16,"1",IF(U16<V16,"2","X")) -> 1 | X16: =IF(W16=$H16,IF(U16=$F16,IF(V16=$G16,IF($F16-$G16>=3,6,IF($G16-$F16>=3,6,IF($F16+$G16>=4,6,5))),3),3),0) -> 0 | Y16: 2 | Z16: 1 | AA16: =IF(Y16>Z16,"1",IF(Y16<Z16,"2","X")) -> 1 | AB16: =IF(AA16=$H16,IF(Y16=$F16,IF(Z16=$G16,IF($F16-$G16>=3,6,IF($G16-$F16>=3,6,IF($F16+$G16>=4,6,5))),3),3),0) -> 0 | AC16: 2 | AD16: 1 | AE16: =IF(AC16>AD16,"1",IF(AC16<AD16,"2","X")) -> 1 | AF16: =IF(AE16=$H16,IF(AC16=$F16,IF(AD16=$G16,IF($F16-$G16>=3,6,IF($G16-$F16>=3,6,IF($F16+$G16>=4,6,5))),3),3),0) -> 0 | AG16: 3 | AH16: 1 | AI16: =IF(AG16>AH16,"1",IF(AG16<AH16,"2","X")) -> 1 | AJ16: =IF(AI16=$H16,IF(AG16=$F16,IF(AH16=$G16,IF($F16-$G16>=3,6,IF($G16-$F16>=3,6,IF($F16+$G16>=4,6,5))),3),3),0) -> 0 | AK16: 1 | AL16: 1 | AM16: =IF(AK16>AL16,"1",IF(AK16<AL16,"2","X")) -> X | AN16: =IF(AM16=$H16,IF(AK16=$F16,IF(AL16=$G16,IF($F16-$G16>=3,6,IF($G16-$F16>=3,6,IF($F16+$G16>=4,6,5))),3),3),0) -> 0 | AO16: 3 | AP16: 1 | AQ16: =IF(AO16>AP16,"1",IF(AO16<AP16,"2","X")) -> 1 | AR16: =IF(AQ16=$H16,IF(AO16=$F16,IF(AP16=$G16,IF($F16-$G16>=3,6,IF($G16-$F16>=3,6,IF($F16+$G16>=4,6,5))),3),3),0) -> 0 | AS16: 3 | AT16: 1 | AU16: =IF(AS16>AT16,"1",IF(AS16<AT16,"2","X")) -> 1 | AV16: =IF(AU16=$H16,IF(AS16=$F16,IF(AT16=$G16,IF($F16-$G16>=3,6,IF($G16-$F16>=3,6,IF($F16+$G16>=4,6,5))),3),3),0) -> 0 | AW16: 2 | AX16: 0 | AY16: =IF(AW16>AX16,"1",IF(AW16<AX16,"2","X")) -> 1 | AZ16: =IF(AY16=$H16,IF(AW16=$F16,IF(AX16=$G16,IF($F16-$G16>=3,6,IF($G16-$F16>=3,6,IF($F16+$G16>=4,6,5))),3),3),0) -> 0 | BA16: 1 | BB16: 0 | BC16: =IF(BA16>BB16,"1",IF(BA16<BB16,"2","X")) -> 1 | BD16: =IF(BC16=$H16,IF(BA16=$F16,IF(BB16=$G16,IF($F16-$G16>=3,6,IF($G16-$F16>=3,6,IF($F16+$G16>=4,6,5))),3),3),0) -> 0 | BE16: 2 | BF16: 1 | BG16: =IF(BE16>BF16,"1",IF(BE16<BF16,"2","X")) -> 1 | BH16: =IF(BG16=$H16,IF(BE16=$F16,IF(BF16=$G16,IF($F16-$G16>=3,6,IF($G16-$F16>=3,6,IF($F16+$G16>=4,6,5))),3),3),0) -> 0 | BI16: 2 | BJ16: 1 | BK16: =IF(BI16>BJ16,"1",IF(BI16<BJ16,"2","X")) -> 1 | BL16: =IF(BK16=$H16,IF(BI16=$F16,IF(BJ16=$G16,IF($F16-$G16>=3,6,IF($G16-$F16>=3,6,IF($F16+$G16>=4,6,5))),3),3),0) -> 0 | BM16: 2 | BN16: 0 | BO16: =IF(BM16>BN16,"1",IF(BM16<BN16,"2","X")) -> 1 | BP16: =IF(BO16=$H16,IF(BM16=$F16,IF(BN16=$G16,IF($F16-$G16>=3,6,IF($G16-$F16>=3,6,IF($F16+$G16>=4,6,5))),3),3),0) -> 0 | BQ16: 2 | BR16: 2 | BS16: =IF(BQ16>BR16,"1",IF(BQ16<BR16,"2","X")) -> X | BT16: =IF(BS16=$H16,IF(BQ16=$F16,IF(BR16=$G16,IF($F16-$G16>=3,6,IF($G16-$F16>=3,6,IF($F16+$G16>=4,6,5))),3),3),0) -> 0 | BU16: 2 | BV16: 1 | BW16: =IF(BU16>BV16,"1",IF(BU16<BV16,"2","X")) -> 1 | BX16: =IF(BW16=$H16,IF(BU16=$F16,IF(BV16=$G16,IF($F16-$G16>=3,6,IF($G16-$F16>=3,6,IF($F16+$G16>=4,6,5))),3),3),0) -> 0 | BY16: 0 | BZ16: 0 | CA16: =IF(BY16>BZ16,"1",IF(BY16<BZ16,"2","X")) -> X | CB16: =IF(CA16=$H16,IF(BY16=$F16,IF(BZ16=$G16,IF($F16-$G16>=3,6,IF($G16-$F16>=3,6,IF($F16+$G16>=4,6,5))),3),3),0) -> 0 | CC16: 2 | CD16: 1 | CE16: =IF(CC16>CD16,"1",IF(CC16<CD16,"2","X")) -> 1 | CF16: =IF(CE16=$H16,IF(CC16=$F16,IF(CD16=$G16,IF($F16-$G16>=3,6,IF($G16-$F16>=3,6,IF($F16+$G16>=4,6,5))),3),3),0) -> 0 | CG16: 3 | CH16: 1 | CI16: =IF(CG16>CH16,"1",IF(CG16<CH16,"2","X")) -> 1 | CJ16: =IF(CI16=$H16,IF(CG16=$F16,IF(CH16=$G16,IF($F16-$G16>=3,6,IF($G16-$F16>=3,6,IF($F16+$G16>=4,6,5))),3),3),0) -> 0 | CK16: 1 | CL16: 1 | CM16: =IF(CK16>CL16,"1",IF(CK16<CL16,"2","X")) -> X | CN16: =IF(CM16=$H16,IF(CK16=$F16,IF(CL16=$G16,IF($F16-$G16>=3,6,IF($G16-$F16>=3,6,IF($F16+$G16>=4,6,5))),3),3),0) -> 0 | CO16: 1 | CP16: 1 | CQ16: =IF(CO16>CP16,"1",IF(CO16<CP16,"2","X")) -> X | CR16: =IF(CQ16=$H16,IF(CO16=$F16,IF(CP16=$G16,IF($F16-$G16>=3,6,IF($G16-$F16>=3,6,IF($F16+$G16>=4,6,5))),3),3),0) -> 0 | CS16: 2 | CT16: 1 | CU16: =IF(CS16>CT16,"1",IF(CS16<CT16,"2","X")) -> 1 | CV16: =IF(CU16=$H16,IF(CS16=$F16,IF(CT16=$G16,IF($F16-$G16>=3,6,IF($G16-$F16>=3,6,IF($F16+$G16>=4,6,5))),3),3),0) -> 0 | CW16: 2 | CX16: 1 | CY16: =IF(CW16>CX16,"1",IF(CW16<CX16,"2","X")) -> 1 | CZ16: =IF(CY16=$H16,IF(CW16=$F16,IF(CX16=$G16,IF($F16-$G16>=3,6,IF($G16-$F16>=3,6,IF($F16+$G16>=4,6,5))),3),3),0) -> 0 | DA16: 2 | DB16: 1 | DC16: =IF(DA16>DB16,"1",IF(DA16<DB16,"2","X")) -> 1 | DD16: =IF(DC16=$H16,IF(DA16=$F16,IF(DB16=$G16,IF($F16-$G16>=3,6,IF($G16-$F16>=3,6,IF($F16+$G16>=4,6,5))),3),3),0) -> 0 | DE16: 2 | DF16: 0 | DG16: =IF(DE16>DF16,"1",IF(DE16<DF16,"2","X")) -> 1 | DH16: =IF(DG16=$H16,IF(DE16=$F16,IF(DF16=$G16,IF($F16-$G16>=3,6,IF($G16-$F16>=3,6,IF($F16+$G16>=4,6,5))),3),3),0) -> 0 | DI16: 1 | DJ16: 0 | DK16: =IF(DI16>DJ16,"1",IF(DI16<DJ16,"2","X")) -> 1 | DL16: =IF(DK16=$H16,IF(DI16=$F16,IF(DJ16=$G16,IF($F16-$G16>=3,6,IF($G16-$F16>=3,6,IF($F16+$G16>=4,6,5))),3),3),0) -> 0 | DM16: 1 | DN16: 1 | DO16: =IF(DM16>DN16,"1",IF(DM16<DN16,"2","X")) -> X | DP16: =IF(DO16=$H16,IF(DM16=$F16,IF(DN16=$G16,IF($F16-$G16>=3,6,IF($G16-$F16>=3,6,IF($F16+$G16>=4,6,5))),3),3),0) -> 0
A17: 44725 | B17: 05:00 | C17: Haiti | D17: Scotland | E17: =L17+P17+T17+X17+AB17+AF17+AJ17+AN17+AR17+AV17+AZ17+BD17+BH17+BL17+BP17+BT17+BX17+CB17+CF17+CJ17+CN17+CR17+CV17+CZ17+DD17+DH17+DL17 -> 0 | H17: =IF(ISNUMBER(F17),IF(F17>G17,"1",IF(F17<G17,"2","X"))) -> FALSE | I17: 0 | J17: 3 | K17: =IF(I17>J17,"1",IF(I17<J17,"2","X")) -> 2 | L17: =IF(K17=$H17,IF(I17=$F17,IF(J17=$G17,IF($F17-$G17>=3,6,IF($G17-$F17>=3,6,IF($F17+$G17>=4,6,5))),3),3),0) -> 0 | M17: 1 | N17: 3 | O17: =IF(M17>N17,"1",IF(M17<N17,"2","X")) -> 2 | P17: =IF(O17=$H17,IF(M17=$F17,IF(N17=$G17,IF($F17-$G17>=3,6,IF($G17-$F17>=3,6,IF($F17+$G17>=4,6,5))),3),3),0) -> 0 | Q17: 0 | R17: 3 | S17: =IF(Q17>R17,"1",IF(Q17<R17,"2","X")) -> 2 | T17: =IF(S17=$H17,IF(Q17=$F17,IF(R17=$G17,IF($F17-$G17>=3,6,IF($G17-$F17>=3,6,IF($F17+$G17>=4,6,5))),3),3),0) -> 0 | U17: 1 | V17: 2 | W17: =IF(U17>V17,"1",IF(U17<V17,"2","X")) -> 2 | X17: =IF(W17=$H17,IF(U17=$F17,IF(V17=$G17,IF($F17-$G17>=3,6,IF($G17-$F17>=3,6,IF($F17+$G17>=4,6,5))),3),3),0) -> 0 | Y17: 0 | Z17: 3 | AA17: =IF(Y17>Z17,"1",IF(Y17<Z17,"2","X")) -> 2 | AB17: =IF(AA17=$H17,IF(Y17=$F17,IF(Z17=$G17,IF($F17-$G17>=3,6,IF($G17-$F17>=3,6,IF($F17+$G17>=4,6,5))),3),3),0) -> 0 | AC17: 0 | AD17: 2 | AE17: =IF(AC17>AD17,"1",IF(AC17<AD17,"2","X")) -> 2 | AF17: =IF(AE17=$H17,IF(AC17=$F17,IF(AD17=$G17,IF($F17-$G17>=3,6,IF($G17-$F17>=3,6,IF($F17+$G17>=4,6,5))),3),3),0) -> 0 | AG17: 0 | AH17: 3 | AI17: =IF(AG17>AH17,"1",IF(AG17<AH17,"2","X")) -> 2 | AJ17: =IF(AI17=$H17,IF(AG17=$F17,IF(AH17=$G17,IF($F17-$G17>=3,6,IF($G17-$F17>=3,6,IF($F17+$G17>=4,6,5))),3),3),0) -> 0 | AK17: 0 | AL17: 2 | AM17: =IF(AK17>AL17,"1",IF(AK17<AL17,"2","X")) -> 2 | AN17: =IF(AM17=$H17,IF(AK17=$F17,IF(AL17=$G17,IF($F17-$G17>=3,6,IF($G17-$F17>=3,6,IF($F17+$G17>=4,6,5))),3),3),0) -> 0 | AO17: 0 | AP17: 2 | AQ17: =IF(AO17>AP17,"1",IF(AO17<AP17,"2","X")) -> 2 | AR17: =IF(AQ17=$H17,IF(AO17=$F17,IF(AP17=$G17,IF($F17-$G17>=3,6,IF($G17-$F17>=3,6,IF($F17+$G17>=4,6,5))),3),3),0) -> 0 | AS17: 0 | AT17: 3 | AU17: =IF(AS17>AT17,"1",IF(AS17<AT17,"2","X")) -> 2 | AV17: =IF(AU17=$H17,IF(AS17=$F17,IF(AT17=$G17,IF($F17-$G17>=3,6,IF($G17-$F17>=3,6,IF($F17+$G17>=4,6,5))),3),3),0) -> 0 | AW17: 0 | AX17: 2 | AY17: =IF(AW17>AX17,"1",IF(AW17<AX17,"2","X")) -> 2 | AZ17: =IF(AY17=$H17,IF(AW17=$F17,IF(AX17=$G17,IF($F17-$G17>=3,6,IF($G17-$F17>=3,6,IF($F17+$G17>=4,6,5))),3),3),0) -> 0 | BA17: 0 | BB17: 1 | BC17: =IF(BA17>BB17,"1",IF(BA17<BB17,"2","X")) -> 2 | BD17: =IF(BC17=$H17,IF(BA17=$F17,IF(BB17=$G17,IF($F17-$G17>=3,6,IF($G17-$F17>=3,6,IF($F17+$G17>=4,6,5))),3),3),0) -> 0 | BE17: 0 | BF17: 2 | BG17: =IF(BE17>BF17,"1",IF(BE17<BF17,"2","X")) -> 2 | BH17: =IF(BG17=$H17,IF(BE17=$F17,IF(BF17=$G17,IF($F17-$G17>=3,6,IF($G17-$F17>=3,6,IF($F17+$G17>=4,6,5))),3),3),0) -> 0 | BI17: 0 | BJ17: 1 | BK17: =IF(BI17>BJ17,"1",IF(BI17<BJ17,"2","X")) -> 2 | BL17: =IF(BK17=$H17,IF(BI17=$F17,IF(BJ17=$G17,IF($F17-$G17>=3,6,IF($G17-$F17>=3,6,IF($F17+$G17>=4,6,5))),3),3),0) -> 0 | BM17: 0 | BN17: 2 | BO17: =IF(BM17>BN17,"1",IF(BM17<BN17,"2","X")) -> 2 | BP17: =IF(BO17=$H17,IF(BM17=$F17,IF(BN17=$G17,IF($F17-$G17>=3,6,IF($G17-$F17>=3,6,IF($F17+$G17>=4,6,5))),3),3),0) -> 0 | BQ17: 1 | BR17: 3 | BS17: =IF(BQ17>BR17,"1",IF(BQ17<BR17,"2","X")) -> 2 | BT17: =IF(BS17=$H17,IF(BQ17=$F17,IF(BR17=$G17,IF($F17-$G17>=3,6,IF($G17-$F17>=3,6,IF($F17+$G17>=4,6,5))),3),3),0) -> 0 | BU17: 0 | BV17: 2 | BW17: =IF(BU17>BV17,"1",IF(BU17<BV17,"2","X")) -> 2 | BX17: =IF(BW17=$H17,IF(BU17=$F17,IF(BV17=$G17,IF($F17-$G17>=3,6,IF($G17-$F17>=3,6,IF($F17+$G17>=4,6,5))),3),3),0) -> 0 | BY17: 0 | BZ17: 1 | CA17: =IF(BY17>BZ17,"1",IF(BY17<BZ17,"2","X")) -> 2 | CB17: =IF(CA17=$H17,IF(BY17=$F17,IF(BZ17=$G17,IF($F17-$G17>=3,6,IF($G17-$F17>=3,6,IF($F17+$G17>=4,6,5))),3),3),0) -> 0 | CC17: 0 | CD17: 2 | CE17: =IF(CC17>CD17,"1",IF(CC17<CD17,"2","X")) -> 2 | CF17: =IF(CE17=$H17,IF(CC17=$F17,IF(CD17=$G17,IF($F17-$G17>=3,6,IF($G17-$F17>=3,6,IF($F17+$G17>=4,6,5))),3),3),0) -> 0 | CG17: 0 | CH17: 2 | CI17: =IF(CG17>CH17,"1",IF(CG17<CH17,"2","X")) -> 2 | CJ17: =IF(CI17=$H17,IF(CG17=$F17,IF(CH17=$G17,IF($F17-$G17>=3,6,IF($G17-$F17>=3,6,IF($F17+$G17>=4,6,5))),3),3),0) -> 0 | CK17: 1 | CL17: 2 | CM17: =IF(CK17>CL17,"1",IF(CK17<CL17,"2","X")) -> 2 | CN17: =IF(CM17=$H17,IF(CK17=$F17,IF(CL17=$G17,IF($F17-$G17>=3,6,IF($G17-$F17>=3,6,IF($F17+$G17>=4,6,5))),3),3),0) -> 0 | CO17: 0 | CP17: 2 | CQ17: =IF(CO17>CP17,"1",IF(CO17<CP17,"2","X")) -> 2 | CR17: =IF(CQ17=$H17,IF(CO17=$F17,IF(CP17=$G17,IF($F17-$G17>=3,6,IF($G17-$F17>=3,6,IF($F17+$G17>=4,6,5))),3),3),0) -> 0 | CS17: 0 | CT17: 2 | CU17: =IF(CS17>CT17,"1",IF(CS17<CT17,"2","X")) -> 2 | CV17: =IF(CU17=$H17,IF(CS17=$F17,IF(CT17=$G17,IF($F17-$G17>=3,6,IF($G17-$F17>=3,6,IF($F17+$G17>=4,6,5))),3),3),0) -> 0 | CW17: 0 | CX17: 2 | CY17: =IF(CW17>CX17,"1",IF(CW17<CX17,"2","X")) -> 2 | CZ17: =IF(CY17=$H17,IF(CW17=$F17,IF(CX17=$G17,IF($F17-$G17>=3,6,IF($G17-$F17>=3,6,IF($F17+$G17>=4,6,5))),3),3),0) -> 0 | DA17: 1 | DB17: 1 | DC17: =IF(DA17>DB17,"1",IF(DA17<DB17,"2","X")) -> X | DD17: =IF(DC17=$H17,IF(DA17=$F17,IF(DB17=$G17,IF($F17-$G17>=3,6,IF($G17-$F17>=3,6,IF($F17+$G17>=4,6,5))),3),3),0) -> 0 | DE17: 1 | DF17: 2 | DG17: =IF(DE17>DF17,"1",IF(DE17<DF17,"2","X")) -> 2 | DH17: =IF(DG17=$H17,IF(DE17=$F17,IF(DF17=$G17,IF($F17-$G17>=3,6,IF($G17-$F17>=3,6,IF($F17+$G17>=4,6,5))),3),3),0) -> 0 | DI17: 1 | DJ17: 3 | DK17: =IF(DI17>DJ17,"1",IF(DI17<DJ17,"2","X")) -> 2 | DL17: =IF(DK17=$H17,IF(DI17=$F17,IF(DJ17=$G17,IF($F17-$G17>=3,6,IF($G17-$F17>=3,6,IF($F17+$G17>=4,6,5))),3),3),0) -> 0 | DM17: 0 | DN17: 0 | DO17: =IF(DM17>DN17,"1",IF(DM17<DN17,"2","X")) -> X | DP17: =IF(DO17=$H17,IF(DM17=$F17,IF(DN17=$G17,IF($F17-$G17>=3,6,IF($G17-$F17>=3,6,IF($F17+$G17>=4,6,5))),3),3),0) -> 0
A18: 44731 | B18: 02:00 | C18: Scotland | D18: Morocco | E18: =L18+P18+T18+X18+AB18+AF18+AJ18+AN18+AR18+AV18+AZ18+BD18+BH18+BL18+BP18+BT18+BX18+CB18+CF18+CJ18+CN18+CR18+CV18+CZ18+DD18+DH18+DL18 -> 0 | H18: =IF(ISNUMBER(F18),IF(F18>G18,"1",IF(F18<G18,"2","X"))) -> FALSE | I18: 1 | J18: 2 | K18: =IF(I18>J18,"1",IF(I18<J18,"2","X")) -> 2 | L18: =IF(K18=$H18,IF(I18=$F18,IF(J18=$G18,IF($F18-$G18>=3,6,IF($G18-$F18>=3,6,IF($F18+$G18>=4,6,5))),3),3),0) -> 0 | M18: 1 | N18: 2 | O18: =IF(M18>N18,"1",IF(M18<N18,"2","X")) -> 2 | P18: =IF(O18=$H18,IF(M18=$F18,IF(N18=$G18,IF($F18-$G18>=3,6,IF($G18-$F18>=3,6,IF($F18+$G18>=4,6,5))),3),3),0) -> 0 | Q18: 0 | R18: 1 | S18: =IF(Q18>R18,"1",IF(Q18<R18,"2","X")) -> 2 | T18: =IF(S18=$H18,IF(Q18=$F18,IF(R18=$G18,IF($F18-$G18>=3,6,IF($G18-$F18>=3,6,IF($F18+$G18>=4,6,5))),3),3),0) -> 0 | U18: 1 | V18: 1 | W18: =IF(U18>V18,"1",IF(U18<V18,"2","X")) -> X | X18: =IF(W18=$H18,IF(U18=$F18,IF(V18=$G18,IF($F18-$G18>=3,6,IF($G18-$F18>=3,6,IF($F18+$G18>=4,6,5))),3),3),0) -> 0 | Y18: 2 | Z18: 2 | AA18: =IF(Y18>Z18,"1",IF(Y18<Z18,"2","X")) -> X | AB18: =IF(AA18=$H18,IF(Y18=$F18,IF(Z18=$G18,IF($F18-$G18>=3,6,IF($G18-$F18>=3,6,IF($F18+$G18>=4,6,5))),3),3),0) -> 0 | AC18: 1 | AD18: 1 | AE18: =IF(AC18>AD18,"1",IF(AC18<AD18,"2","X")) -> X | AF18: =IF(AE18=$H18,IF(AC18=$F18,IF(AD18=$G18,IF($F18-$G18>=3,6,IF($G18-$F18>=3,6,IF($F18+$G18>=4,6,5))),3),3),0) -> 0 | AG18: 1 | AH18: 1 | AI18: =IF(AG18>AH18,"1",IF(AG18<AH18,"2","X")) -> X | AJ18: =IF(AI18=$H18,IF(AG18=$F18,IF(AH18=$G18,IF($F18-$G18>=3,6,IF($G18-$F18>=3,6,IF($F18+$G18>=4,6,5))),3),3),0) -> 0 | AK18: 1 | AL18: 2 | AM18: =IF(AK18>AL18,"1",IF(AK18<AL18,"2","X")) -> 2 | AN18: =IF(AM18=$H18,IF(AK18=$F18,IF(AL18=$G18,IF($F18-$G18>=3,6,IF($G18-$F18>=3,6,IF($F18+$G18>=4,6,5))),3),3),0) -> 0 | AO18: 1 | AP18: 1 | AQ18: =IF(AO18>AP18,"1",IF(AO18<AP18,"2","X")) -> X | AR18: =IF(AQ18=$H18,IF(AO18=$F18,IF(AP18=$G18,IF($F18-$G18>=3,6,IF($G18-$F18>=3,6,IF($F18+$G18>=4,6,5))),3),3),0) -> 0 | AS18: 0 | AT18: 2 | AU18: =IF(AS18>AT18,"1",IF(AS18<AT18,"2","X")) -> 2 | AV18: =IF(AU18=$H18,IF(AS18=$F18,IF(AT18=$G18,IF($F18-$G18>=3,6,IF($G18-$F18>=3,6,IF($F18+$G18>=4,6,5))),3),3),0) -> 0 | AW18: 1 | AX18: 1 | AY18: =IF(AW18>AX18,"1",IF(AW18<AX18,"2","X")) -> X | AZ18: =IF(AY18=$H18,IF(AW18=$F18,IF(AX18=$G18,IF($F18-$G18>=3,6,IF($G18-$F18>=3,6,IF($F18+$G18>=4,6,5))),3),3),0) -> 0 | BA18: 1 | BB18: 1 | BC18: =IF(BA18>BB18,"1",IF(BA18<BB18,"2","X")) -> X | BD18: =IF(BC18=$H18,IF(BA18=$F18,IF(BB18=$G18,IF($F18-$G18>=3,6,IF($G18-$F18>=3,6,IF($F18+$G18>=4,6,5))),3),3),0) -> 0 | BE18: 1 | BF18: 2 | BG18: =IF(BE18>BF18,"1",IF(BE18<BF18,"2","X")) -> 2 | BH18: =IF(BG18=$H18,IF(BE18=$F18,IF(BF18=$G18,IF($F18-$G18>=3,6,IF($G18-$F18>=3,6,IF($F18+$G18>=4,6,5))),3),3),0) -> 0 | BI18: 1 | BJ18: 1 | BK18: =IF(BI18>BJ18,"1",IF(BI18<BJ18,"2","X")) -> X | BL18: =IF(BK18=$H18,IF(BI18=$F18,IF(BJ18=$G18,IF($F18-$G18>=3,6,IF($G18-$F18>=3,6,IF($F18+$G18>=4,6,5))),3),3),0) -> 0 | BM18: 2 | BN18: 1 | BO18: =IF(BM18>BN18,"1",IF(BM18<BN18,"2","X")) -> 1 | BP18: =IF(BO18=$H18,IF(BM18=$F18,IF(BN18=$G18,IF($F18-$G18>=3,6,IF($G18-$F18>=3,6,IF($F18+$G18>=4,6,5))),3),3),0) -> 0 | BQ18: 1 | BR18: 2 | BS18: =IF(BQ18>BR18,"1",IF(BQ18<BR18,"2","X")) -> 2 | BT18: =IF(BS18=$H18,IF(BQ18=$F18,IF(BR18=$G18,IF($F18-$G18>=3,6,IF($G18-$F18>=3,6,IF($F18+$G18>=4,6,5))),3),3),0) -> 0 | BU18: 1 | BV18: 1 | BW18: =IF(BU18>BV18,"1",IF(BU18<BV18,"2","X")) -> X | BX18: =IF(BW18=$H18,IF(BU18=$F18,IF(BV18=$G18,IF($F18-$G18>=3,6,IF($G18-$F18>=3,6,IF($F18+$G18>=4,6,5))),3),3),0) -> 0 | BY18: 0 | BZ18: 2 | CA18: =IF(BY18>BZ18,"1",IF(BY18<BZ18,"2","X")) -> 2 | CB18: =IF(CA18=$H18,IF(BY18=$F18,IF(BZ18=$G18,IF($F18-$G18>=3,6,IF($G18-$F18>=3,6,IF($F18+$G18>=4,6,5))),3),3),0) -> 0 | CC18: 1 | CD18: 2 | CE18: =IF(CC18>CD18,"1",IF(CC18<CD18,"2","X")) -> 2 | CF18: =IF(CE18=$H18,IF(CC18=$F18,IF(CD18=$G18,IF($F18-$G18>=3,6,IF($G18-$F18>=3,6,IF($F18+$G18>=4,6,5))),3),3),0) -> 0 | CG18: 1 | CH18: 1 | CI18: =IF(CG18>CH18,"1",IF(CG18<CH18,"2","X")) -> X | CJ18: =IF(CI18=$H18,IF(CG18=$F18,IF(CH18=$G18,IF($F18-$G18>=3,6,IF($G18-$F18>=3,6,IF($F18+$G18>=4,6,5))),3),3),0) -> 0 | CK18: 0 | CL18: 1 | CM18: =IF(CK18>CL18,"1",IF(CK18<CL18,"2","X")) -> 2 | CN18: =IF(CM18=$H18,IF(CK18=$F18,IF(CL18=$G18,IF($F18-$G18>=3,6,IF($G18-$F18>=3,6,IF($F18+$G18>=4,6,5))),3),3),0) -> 0 | CO18: 0 | CP18: 1 | CQ18: =IF(CO18>CP18,"1",IF(CO18<CP18,"2","X")) -> 2 | CR18: =IF(CQ18=$H18,IF(CO18=$F18,IF(CP18=$G18,IF($F18-$G18>=3,6,IF($G18-$F18>=3,6,IF($F18+$G18>=4,6,5))),3),3),0) -> 0 | CS18: 0 | CT18: 1 | CU18: =IF(CS18>CT18,"1",IF(CS18<CT18,"2","X")) -> 2 | CV18: =IF(CU18=$H18,IF(CS18=$F18,IF(CT18=$G18,IF($F18-$G18>=3,6,IF($G18-$F18>=3,6,IF($F18+$G18>=4,6,5))),3),3),0) -> 0 | CW18: 1 | CX18: 2 | CY18: =IF(CW18>CX18,"1",IF(CW18<CX18,"2","X")) -> 2 | CZ18: =IF(CY18=$H18,IF(CW18=$F18,IF(CX18=$G18,IF($F18-$G18>=3,6,IF($G18-$F18>=3,6,IF($F18+$G18>=4,6,5))),3),3),0) -> 0 | DA18: 1 | DB18: 2 | DC18: =IF(DA18>DB18,"1",IF(DA18<DB18,"2","X")) -> 2 | DD18: =IF(DC18=$H18,IF(DA18=$F18,IF(DB18=$G18,IF($F18-$G18>=3,6,IF($G18-$F18>=3,6,IF($F18+$G18>=4,6,5))),3),3),0) -> 0 | DE18: 1 | DF18: 0 | DG18: =IF(DE18>DF18,"1",IF(DE18<DF18,"2","X")) -> 1 | DH18: =IF(DG18=$H18,IF(DE18=$F18,IF(DF18=$G18,IF($F18-$G18>=3,6,IF($G18-$F18>=3,6,IF($F18+$G18>=4,6,5))),3),3),0) -> 0 | DI18: 0 | DJ18: 2 | DK18: =IF(DI18>DJ18,"1",IF(DI18<DJ18,"2","X")) -> 2 | DL18: =IF(DK18=$H18,IF(DI18=$F18,IF(DJ18=$G18,IF($F18-$G18>=3,6,IF($G18-$F18>=3,6,IF($F18+$G18>=4,6,5))),3),3),0) -> 0 | DM18: 0 | DN18: 2 | DO18: =IF(DM18>DN18,"1",IF(DM18<DN18,"2","X")) -> 2 | DP18: =IF(DO18=$H18,IF(DM18=$F18,IF(DN18=$G18,IF($F18-$G18>=3,6,IF($G18-$F18>=3,6,IF($F18+$G18>=4,6,5))),3),3),0) -> 0
A19: 44731 | B19: 04:30 | C19: Brazil | D19: Haiti | E19: =L19+P19+T19+X19+AB19+AF19+AJ19+AN19+AR19+AV19+AZ19+BD19+BH19+BL19+BP19+BT19+BX19+CB19+CF19+CJ19+CN19+CR19+CV19+CZ19+DD19+DH19+DL19 -> 0 | H19: =IF(ISNUMBER(F19),IF(F19>G19,"1",IF(F19<G19,"2","X"))) -> FALSE | I19: 5 | J19: 0 | K19: =IF(I19>J19,"1",IF(I19<J19,"2","X")) -> 1 | L19: =IF(K19=$H19,IF(I19=$F19,IF(J19=$G19,IF($F19-$G19>=3,6,IF($G19-$F19>=3,6,IF($F19+$G19>=4,6,5))),3),3),0) -> 0 | M19: 3 | N19: 0 | O19: =IF(M19>N19,"1",IF(M19<N19,"2","X")) -> 1 | P19: =IF(O19=$H19,IF(M19=$F19,IF(N19=$G19,IF($F19-$G19>=3,6,IF($G19-$F19>=3,6,IF($F19+$G19>=4,6,5))),3),3),0) -> 0 | Q19: 3 | R19: 0 | S19: =IF(Q19>R19,"1",IF(Q19<R19,"2","X")) -> 1 | T19: =IF(S19=$H19,IF(Q19=$F19,IF(R19=$G19,IF($F19-$G19>=3,6,IF($G19-$F19>=3,6,IF($F19+$G19>=4,6,5))),3),3),0) -> 0 | U19: 3 | V19: 0 | W19: =IF(U19>V19,"1",IF(U19<V19,"2","X")) -> 1 | X19: =IF(W19=$H19,IF(U19=$F19,IF(V19=$G19,IF($F19-$G19>=3,6,IF($G19-$F19>=3,6,IF($F19+$G19>=4,6,5))),3),3),0) -> 0 | Y19: 2 | Z19: 0 | AA19: =IF(Y19>Z19,"1",IF(Y19<Z19,"2","X")) -> 1 | AB19: =IF(AA19=$H19,IF(Y19=$F19,IF(Z19=$G19,IF($F19-$G19>=3,6,IF($G19-$F19>=3,6,IF($F19+$G19>=4,6,5))),3),3),0) -> 0 | AC19: 3 | AD19: 0 | AE19: =IF(AC19>AD19,"1",IF(AC19<AD19,"2","X")) -> 1 | AF19: =IF(AE19=$H19,IF(AC19=$F19,IF(AD19=$G19,IF($F19-$G19>=3,6,IF($G19-$F19>=3,6,IF($F19+$G19>=4,6,5))),3),3),0) -> 0 | AG19: 5 | AH19: 1 | AI19: =IF(AG19>AH19,"1",IF(AG19<AH19,"2","X")) -> 1 | AJ19: =IF(AI19=$H19,IF(AG19=$F19,IF(AH19=$G19,IF($F19-$G19>=3,6,IF($G19-$F19>=3,6,IF($F19+$G19>=4,6,5))),3),3),0) -> 0 | AK19: 7 | AL19: 0 | AM19: =IF(AK19>AL19,"1",IF(AK19<AL19,"2","X")) -> 1 | AN19: =IF(AM19=$H19,IF(AK19=$F19,IF(AL19=$G19,IF($F19-$G19>=3,6,IF($G19-$F19>=3,6,IF($F19+$G19>=4,6,5))),3),3),0) -> 0 | AO19: 5 | AP19: 0 | AQ19: =IF(AO19>AP19,"1",IF(AO19<AP19,"2","X")) -> 1 | AR19: =IF(AQ19=$H19,IF(AO19=$F19,IF(AP19=$G19,IF($F19-$G19>=3,6,IF($G19-$F19>=3,6,IF($F19+$G19>=4,6,5))),3),3),0) -> 0 | AS19: 6 | AT19: 0 | AU19: =IF(AS19>AT19,"1",IF(AS19<AT19,"2","X")) -> 1 | AV19: =IF(AU19=$H19,IF(AS19=$F19,IF(AT19=$G19,IF($F19-$G19>=3,6,IF($G19-$F19>=3,6,IF($F19+$G19>=4,6,5))),3),3),0) -> 0 | AW19: 3 | AX19: 0 | AY19: =IF(AW19>AX19,"1",IF(AW19<AX19,"2","X")) -> 1 | AZ19: =IF(AY19=$H19,IF(AW19=$F19,IF(AX19=$G19,IF($F19-$G19>=3,6,IF($G19-$F19>=3,6,IF($F19+$G19>=4,6,5))),3),3),0) -> 0 | BA19: 2 | BB19: 0 | BC19: =IF(BA19>BB19,"1",IF(BA19<BB19,"2","X")) -> 1 | BD19: =IF(BC19=$H19,IF(BA19=$F19,IF(BB19=$G19,IF($F19-$G19>=3,6,IF($G19-$F19>=3,6,IF($F19+$G19>=4,6,5))),3),3),0) -> 0 | BE19: 3 | BF19: 0 | BG19: =IF(BE19>BF19,"1",IF(BE19<BF19,"2","X")) -> 1 | BH19: =IF(BG19=$H19,IF(BE19=$F19,IF(BF19=$G19,IF($F19-$G19>=3,6,IF($G19-$F19>=3,6,IF($F19+$G19>=4,6,5))),3),3),0) -> 0 | BI19: 3 | BJ19: 0 | BK19: =IF(BI19>BJ19,"1",IF(BI19<BJ19,"2","X")) -> 1 | BL19: =IF(BK19=$H19,IF(BI19=$F19,IF(BJ19=$G19,IF($F19-$G19>=3,6,IF($G19-$F19>=3,6,IF($F19+$G19>=4,6,5))),3),3),0) -> 0 | BM19: 3 | BN19: 0 | BO19: =IF(BM19>BN19,"1",IF(BM19<BN19,"2","X")) -> 1 | BP19: =IF(BO19=$H19,IF(BM19=$F19,IF(BN19=$G19,IF($F19-$G19>=3,6,IF($G19-$F19>=3,6,IF($F19+$G19>=4,6,5))),3),3),0) -> 0 | BQ19: 3 | BR19: 0 | BS19: =IF(BQ19>BR19,"1",IF(BQ19<BR19,"2","X")) -> 1 | BT19: =IF(BS19=$H19,IF(BQ19=$F19,IF(BR19=$G19,IF($F19-$G19>=3,6,IF($G19-$F19>=3,6,IF($F19+$G19>=4,6,5))),3),3),0) -> 0 | BU19: 5 | BV19: 0 | BW19: =IF(BU19>BV19,"1",IF(BU19<BV19,"2","X")) -> 1 | BX19: =IF(BW19=$H19,IF(BU19=$F19,IF(BV19=$G19,IF($F19-$G19>=3,6,IF($G19-$F19>=3,6,IF($F19+$G19>=4,6,5))),3),3),0) -> 0 | BY19: 4 | BZ19: 0 | CA19: =IF(BY19>BZ19,"1",IF(BY19<BZ19,"2","X")) -> 1 | CB19: =IF(CA19=$H19,IF(BY19=$F19,IF(BZ19=$G19,IF($F19-$G19>=3,6,IF($G19-$F19>=3,6,IF($F19+$G19>=4,6,5))),3),3),0) -> 0 | CC19: 4 | CD19: 0 | CE19: =IF(CC19>CD19,"1",IF(CC19<CD19,"2","X")) -> 1 | CF19: =IF(CE19=$H19,IF(CC19=$F19,IF(CD19=$G19,IF($F19-$G19>=3,6,IF($G19-$F19>=3,6,IF($F19+$G19>=4,6,5))),3),3),0) -> 0 | CG19: 4 | CH19: 0 | CI19: =IF(CG19>CH19,"1",IF(CG19<CH19,"2","X")) -> 1 | CJ19: =IF(CI19=$H19,IF(CG19=$F19,IF(CH19=$G19,IF($F19-$G19>=3,6,IF($G19-$F19>=3,6,IF($F19+$G19>=4,6,5))),3),3),0) -> 0 | CK19: 3 | CL19: 1 | CM19: =IF(CK19>CL19,"1",IF(CK19<CL19,"2","X")) -> 1 | CN19: =IF(CM19=$H19,IF(CK19=$F19,IF(CL19=$G19,IF($F19-$G19>=3,6,IF($G19-$F19>=3,6,IF($F19+$G19>=4,6,5))),3),3),0) -> 0 | CO19: 2 | CP19: 0 | CQ19: =IF(CO19>CP19,"1",IF(CO19<CP19,"2","X")) -> 1 | CR19: =IF(CQ19=$H19,IF(CO19=$F19,IF(CP19=$G19,IF($F19-$G19>=3,6,IF($G19-$F19>=3,6,IF($F19+$G19>=4,6,5))),3),3),0) -> 0 | CS19: 4 | CT19: 0 | CU19: =IF(CS19>CT19,"1",IF(CS19<CT19,"2","X")) -> 1 | CV19: =IF(CU19=$H19,IF(CS19=$F19,IF(CT19=$G19,IF($F19-$G19>=3,6,IF($G19-$F19>=3,6,IF($F19+$G19>=4,6,5))),3),3),0) -> 0 | CW19: 3 | CX19: 0 | CY19: =IF(CW19>CX19,"1",IF(CW19<CX19,"2","X")) -> 1 | CZ19: =IF(CY19=$H19,IF(CW19=$F19,IF(CX19=$G19,IF($F19-$G19>=3,6,IF($G19-$F19>=3,6,IF($F19+$G19>=4,6,5))),3),3),0) -> 0 | DA19: 3 | DB19: 1 | DC19: =IF(DA19>DB19,"1",IF(DA19<DB19,"2","X")) -> 1 | DD19: =IF(DC19=$H19,IF(DA19=$F19,IF(DB19=$G19,IF($F19-$G19>=3,6,IF($G19-$F19>=3,6,IF($F19+$G19>=4,6,5))),3),3),0) -> 0 | DE19: 4 | DF19: 0 | DG19: =IF(DE19>DF19,"1",IF(DE19<DF19,"2","X")) -> 1 | DH19: =IF(DG19=$H19,IF(DE19=$F19,IF(DF19=$G19,IF($F19-$G19>=3,6,IF($G19-$F19>=3,6,IF($F19+$G19>=4,6,5))),3),3),0) -> 0 | DI19: 5 | DJ19: 0 | DK19: =IF(DI19>DJ19,"1",IF(DI19<DJ19,"2","X")) -> 1 | DL19: =IF(DK19=$H19,IF(DI19=$F19,IF(DJ19=$G19,IF($F19-$G19>=3,6,IF($G19-$F19>=3,6,IF($F19+$G19>=4,6,5))),3),3),0) -> 0 | DM19: 3 | DN19: 1 | DO19: =IF(DM19>DN19,"1",IF(DM19<DN19,"2","X")) -> 1 | DP19: =IF(DO19=$H19,IF(DM19=$F19,IF(DN19=$G19,IF($F19-$G19>=3,6,IF($G19-$F19>=3,6,IF($F19+$G19>=4,6,5))),3),3),0) -> 0
A20: 44736 | B20: 02:00 | C20: Scotland | D20: Brazil | E20: =L20+P20+T20+X20+AB20+AF20+AJ20+AN20+AR20+AV20+AZ20+BD20+BH20+BL20+BP20+BT20+BX20+CB20+CF20+CJ20+CN20+CR20+CV20+CZ20+DD20+DH20+DL20 -> 0 | H20: =IF(ISNUMBER(F20),IF(F20>G20,"1",IF(F20<G20,"2","X"))) -> FALSE | K20: =IF(I20>J20,"1",IF(I20<J20,"2","X")) -> X | L20: =IF(K20=$H20,IF(I20=$F20,IF(J20=$G20,IF($F20-$G20>=3,6,IF($G20-$F20>=3,6,IF($F20+$G20>=4,6,5))),3),3),0) -> 0 | O20: =IF(M20>N20,"1",IF(M20<N20,"2","X")) -> X | P20: =IF(O20=$H20,IF(M20=$F20,IF(N20=$G20,IF($F20-$G20>=3,6,IF($G20-$F20>=3,6,IF($F20+$G20>=4,6,5))),3),3),0) -> 0 | S20: =IF(Q20>R20,"1",IF(Q20<R20,"2","X")) -> X | T20: =IF(S20=$H20,IF(Q20=$F20,IF(R20=$G20,IF($F20-$G20>=3,6,IF($G20-$F20>=3,6,IF($F20+$G20>=4,6,5))),3),3),0) -> 0 | W20: =IF(U20>V20,"1",IF(U20<V20,"2","X")) -> X | X20: =IF(W20=$H20,IF(U20=$F20,IF(V20=$G20,IF($F20-$G20>=3,6,IF($G20-$F20>=3,6,IF($F20+$G20>=4,6,5))),3),3),0) -> 0 | AA20: =IF(Y20>Z20,"1",IF(Y20<Z20,"2","X")) -> X | AB20: =IF(AA20=$H20,IF(Y20=$F20,IF(Z20=$G20,IF($F20-$G20>=3,6,IF($G20-$F20>=3,6,IF($F20+$G20>=4,6,5))),3),3),0) -> 0 | AE20: =IF(AC20>AD20,"1",IF(AC20<AD20,"2","X")) -> X | AF20: =IF(AE20=$H20,IF(AC20=$F20,IF(AD20=$G20,IF($F20-$G20>=3,6,IF($G20-$F20>=3,6,IF($F20+$G20>=4,6,5))),3),3),0) -> 0 | AI20: =IF(AG20>AH20,"1",IF(AG20<AH20,"2","X")) -> X | AJ20: =IF(AI20=$H20,IF(AG20=$F20,IF(AH20=$G20,IF($F20-$G20>=3,6,IF($G20-$F20>=3,6,IF($F20+$G20>=4,6,5))),3),3),0) -> 0 | AM20: =IF(AK20>AL20,"1",IF(AK20<AL20,"2","X")) -> X | AN20: =IF(AM20=$H20,IF(AK20=$F20,IF(AL20=$G20,IF($F20-$G20>=3,6,IF($G20-$F20>=3,6,IF($F20+$G20>=4,6,5))),3),3),0) -> 0 | AQ20: =IF(AO20>AP20,"1",IF(AO20<AP20,"2","X")) -> X | AR20: =IF(AQ20=$H20,IF(AO20=$F20,IF(AP20=$G20,IF($F20-$G20>=3,6,IF($G20-$F20>=3,6,IF($F20+$G20>=4,6,5))),3),3),0) -> 0 | AU20: =IF(AS20>AT20,"1",IF(AS20<AT20,"2","X")) -> X | AV20: =IF(AU20=$H20,IF(AS20=$F20,IF(AT20=$G20,IF($F20-$G20>=3,6,IF($G20-$F20>=3,6,IF($F20+$G20>=4,6,5))),3),3),0) -> 0 | AY20: =IF(AW20>AX20,"1",IF(AW20<AX20,"2","X")) -> X | AZ20: =IF(AY20=$H20,IF(AW20=$F20,IF(AX20=$G20,IF($F20-$G20>=3,6,IF($G20-$F20>=3,6,IF($F20+$G20>=4,6,5))),3),3),0) -> 0 | BC20: =IF(BA20>BB20,"1",IF(BA20<BB20,"2","X")) -> X | BD20: =IF(BC20=$H20,IF(BA20=$F20,IF(BB20=$G20,IF($F20-$G20>=3,6,IF($G20-$F20>=3,6,IF($F20+$G20>=4,6,5))),3),3),0) -> 0 | BG20: =IF(BE20>BF20,"1",IF(BE20<BF20,"2","X")) -> X | BH20: =IF(BG20=$H20,IF(BE20=$F20,IF(BF20=$G20,IF($F20-$G20>=3,6,IF($G20-$F20>=3,6,IF($F20+$G20>=4,6,5))),3),3),0) -> 0 | BK20: =IF(BI20>BJ20,"1",IF(BI20<BJ20,"2","X")) -> X | BL20: =IF(BK20=$H20,IF(BI20=$F20,IF(BJ20=$G20,IF($F20-$G20>=3,6,IF($G20-$F20>=3,6,IF($F20+$G20>=4,6,5))),3),3),0) -> 0 | BO20: =IF(BM20>BN20,"1",IF(BM20<BN20,"2","X")) -> X | BP20: =IF(BO20=$H20,IF(BM20=$F20,IF(BN20=$G20,IF($F20-$G20>=3,6,IF($G20-$F20>=3,6,IF($F20+$G20>=4,6,5))),3),3),0) -> 0 | BS20: =IF(BQ20>BR20,"1",IF(BQ20<BR20,"2","X")) -> X | BT20: =IF(BS20=$H20,IF(BQ20=$F20,IF(BR20=$G20,IF($F20-$G20>=3,6,IF($G20-$F20>=3,6,IF($F20+$G20>=4,6,5))),3),3),0) -> 0 | BW20: =IF(BU20>BV20,"1",IF(BU20<BV20,"2","X")) -> X | BX20: =IF(BW20=$H20,IF(BU20=$F20,IF(BV20=$G20,IF($F20-$G20>=3,6,IF($G20-$F20>=3,6,IF($F20+$G20>=4,6,5))),3),3),0) -> 0 | CA20: =IF(BY20>BZ20,"1",IF(BY20<BZ20,"2","X")) -> X | CB20: =IF(CA20=$H20,IF(BY20=$F20,IF(BZ20=$G20,IF($F20-$G20>=3,6,IF($G20-$F20>=3,6,IF($F20+$G20>=4,6,5))),3),3),0) -> 0 | CE20: =IF(CC20>CD20,"1",IF(CC20<CD20,"2","X")) -> X | CF20: =IF(CE20=$H20,IF(CC20=$F20,IF(CD20=$G20,IF($F20-$G20>=3,6,IF($G20-$F20>=3,6,IF($F20+$G20>=4,6,5))),3),3),0) -> 0 | CI20: =IF(CG20>CH20,"1",IF(CG20<CH20,"2","X")) -> X | CJ20: =IF(CI20=$H20,IF(CG20=$F20,IF(CH20=$G20,IF($F20-$G20>=3,6,IF($G20-$F20>=3,6,IF($F20+$G20>=4,6,5))),3),3),0) -> 0 | CM20: =IF(CK20>CL20,"1",IF(CK20<CL20,"2","X")) -> X | CN20: =IF(CM20=$H20,IF(CK20=$F20,IF(CL20=$G20,IF($F20-$G20>=3,6,IF($G20-$F20>=3,6,IF($F20+$G20>=4,6,5))),3),3),0) -> 0 | CQ20: =IF(CO20>CP20,"1",IF(CO20<CP20,"2","X")) -> X | CR20: =IF(CQ20=$H20,IF(CO20=$F20,IF(CP20=$G20,IF($F20-$G20>=3,6,IF($G20-$F20>=3,6,IF($F20+$G20>=4,6,5))),3),3),0) -> 0 | CU20: =IF(CS20>CT20,"1",IF(CS20<CT20,"2","X")) -> X | CV20: =IF(CU20=$H20,IF(CS20=$F20,IF(CT20=$G20,IF($F20-$G20>=3,6,IF($G20-$F20>=3,6,IF($F20+$G20>=4,6,5))),3),3),0) -> 0 | CY20: =IF(CW20>CX20,"1",IF(CW20<CX20,"2","X")) -> X | CZ20: =IF(CY20=$H20,IF(CW20=$F20,IF(CX20=$G20,IF($F20-$G20>=3,6,IF($G20-$F20>=3,6,IF($F20+$G20>=4,6,5))),3),3),0) -> 0 | DC20: =IF(DA20>DB20,"1",IF(DA20<DB20,"2","X")) -> X | DD20: =IF(DC20=$H20,IF(DA20=$F20,IF(DB20=$G20,IF($F20-$G20>=3,6,IF($G20-$F20>=3,6,IF($F20+$G20>=4,6,5))),3),3),0) -> 0 | DG20: =IF(DE20>DF20,"1",IF(DE20<DF20,"2","X")) -> X | DH20: =IF(DG20=$H20,IF(DE20=$F20,IF(DF20=$G20,IF($F20-$G20>=3,6,IF($G20-$F20>=3,6,IF($F20+$G20>=4,6,5))),3),3),0) -> 0 | DK20: =IF(DI20>DJ20,"1",IF(DI20<DJ20,"2","X")) -> X | DL20: =IF(DK20=$H20,IF(DI20=$F20,IF(DJ20=$G20,IF($F20-$G20>=3,6,IF($G20-$F20>=3,6,IF($F20+$G20>=4,6,5))),3),3),0) -> 0 | DO20: =IF(DM20>DN20,"1",IF(DM20<DN20,"2","X")) -> X | DP20: =IF(DO20=$H20,IF(DM20=$F20,IF(DN20=$G20,IF($F20-$G20>=3,6,IF($G20-$F20>=3,6,IF($F20+$G20>=4,6,5))),3),3),0) -> 0
A21: 44736 | B21: 02:00 | C21: Morocco | D21: Haiti | E21: =L21+P21+T21+X21+AB21+AF21+AJ21+AN21+AR21+AV21+AZ21+BD21+BH21+BL21+BP21+BT21+BX21+CB21+CF21+CJ21+CN21+CR21+CV21+CZ21+DD21+DH21+DL21 -> 0 | H21: =IF(ISNUMBER(F21),IF(F21>G21,"1",IF(F21<G21,"2","X"))) -> FALSE | K21: =IF(I21>J21,"1",IF(I21<J21,"2","X")) -> X | L21: =IF(K21=$H21,IF(I21=$F21,IF(J21=$G21,IF($F21-$G21>=3,6,IF($G21-$F21>=3,6,IF($F21+$G21>=4,6,5))),3),3),0) -> 0 | O21: =IF(M21>N21,"1",IF(M21<N21,"2","X")) -> X | P21: =IF(O21=$H21,IF(M21=$F21,IF(N21=$G21,IF($F21-$G21>=3,6,IF($G21-$F21>=3,6,IF($F21+$G21>=4,6,5))),3),3),0) -> 0 | S21: =IF(Q21>R21,"1",IF(Q21<R21,"2","X")) -> X | T21: =IF(S21=$H21,IF(Q21=$F21,IF(R21=$G21,IF($F21-$G21>=3,6,IF($G21-$F21>=3,6,IF($F21+$G21>=4,6,5))),3),3),0) -> 0 | W21: =IF(U21>V21,"1",IF(U21<V21,"2","X")) -> X | X21: =IF(W21=$H21,IF(U21=$F21,IF(V21=$G21,IF($F21-$G21>=3,6,IF($G21-$F21>=3,6,IF($F21+$G21>=4,6,5))),3),3),0) -> 0 | AA21: =IF(Y21>Z21,"1",IF(Y21<Z21,"2","X")) -> X | AB21: =IF(AA21=$H21,IF(Y21=$F21,IF(Z21=$G21,IF($F21-$G21>=3,6,IF($G21-$F21>=3,6,IF($F21+$G21>=4,6,5))),3),3),0) -> 0 | AE21: =IF(AC21>AD21,"1",IF(AC21<AD21,"2","X")) -> X | AF21: =IF(AE21=$H21,IF(AC21=$F21,IF(AD21=$G21,IF($F21-$G21>=3,6,IF($G21-$F21>=3,6,IF($F21+$G21>=4,6,5))),3),3),0) -> 0 | AI21: =IF(AG21>AH21,"1",IF(AG21<AH21,"2","X")) -> X | AJ21: =IF(AI21=$H21,IF(AG21=$F21,IF(AH21=$G21,IF($F21-$G21>=3,6,IF($G21-$F21>=3,6,IF($F21+$G21>=4,6,5))),3),3),0) -> 0 | AM21: =IF(AK21>AL21,"1",IF(AK21<AL21,"2","X")) -> X | AN21: =IF(AM21=$H21,IF(AK21=$F21,IF(AL21=$G21,IF($F21-$G21>=3,6,IF($G21-$F21>=3,6,IF($F21+$G21>=4,6,5))),3),3),0) -> 0 | AQ21: =IF(AO21>AP21,"1",IF(AO21<AP21,"2","X")) -> X | AR21: =IF(AQ21=$H21,IF(AO21=$F21,IF(AP21=$G21,IF($F21-$G21>=3,6,IF($G21-$F21>=3,6,IF($F21+$G21>=4,6,5))),3),3),0) -> 0 | AU21: =IF(AS21>AT21,"1",IF(AS21<AT21,"2","X")) -> X | AV21: =IF(AU21=$H21,IF(AS21=$F21,IF(AT21=$G21,IF($F21-$G21>=3,6,IF($G21-$F21>=3,6,IF($F21+$G21>=4,6,5))),3),3),0) -> 0 | AY21: =IF(AW21>AX21,"1",IF(AW21<AX21,"2","X")) -> X | AZ21: =IF(AY21=$H21,IF(AW21=$F21,IF(AX21=$G21,IF($F21-$G21>=3,6,IF($G21-$F21>=3,6,IF($F21+$G21>=4,6,5))),3),3),0) -> 0 | BC21: =IF(BA21>BB21,"1",IF(BA21<BB21,"2","X")) -> X | BD21: =IF(BC21=$H21,IF(BA21=$F21,IF(BB21=$G21,IF($F21-$G21>=3,6,IF($G21-$F21>=3,6,IF($F21+$G21>=4,6,5))),3),3),0) -> 0 | BG21: =IF(BE21>BF21,"1",IF(BE21<BF21,"2","X")) -> X | BH21: =IF(BG21=$H21,IF(BE21=$F21,IF(BF21=$G21,IF($F21-$G21>=3,6,IF($G21-$F21>=3,6,IF($F21+$G21>=4,6,5))),3),3),0) -> 0 | BK21: =IF(BI21>BJ21,"1",IF(BI21<BJ21,"2","X")) -> X | BL21: =IF(BK21=$H21,IF(BI21=$F21,IF(BJ21=$G21,IF($F21-$G21>=3,6,IF($G21-$F21>=3,6,IF($F21+$G21>=4,6,5))),3),3),0) -> 0 | BO21: =IF(BM21>BN21,"1",IF(BM21<BN21,"2","X")) -> X | BP21: =IF(BO21=$H21,IF(BM21=$F21,IF(BN21=$G21,IF($F21-$G21>=3,6,IF($G21-$F21>=3,6,IF($F21+$G21>=4,6,5))),3),3),0) -> 0 | BS21: =IF(BQ21>BR21,"1",IF(BQ21<BR21,"2","X")) -> X | BT21: =IF(BS21=$H21,IF(BQ21=$F21,IF(BR21=$G21,IF($F21-$G21>=3,6,IF($G21-$F21>=3,6,IF($F21+$G21>=4,6,5))),3),3),0) -> 0 | BW21: =IF(BU21>BV21,"1",IF(BU21<BV21,"2","X")) -> X | BX21: =IF(BW21=$H21,IF(BU21=$F21,IF(BV21=$G21,IF($F21-$G21>=3,6,IF($G21-$F21>=3,6,IF($F21+$G21>=4,6,5))),3),3),0) -> 0 | CA21: =IF(BY21>BZ21,"1",IF(BY21<BZ21,"2","X")) -> X | CB21: =IF(CA21=$H21,IF(BY21=$F21,IF(BZ21=$G21,IF($F21-$G21>=3,6,IF($G21-$F21>=3,6,IF($F21+$G21>=4,6,5))),3),3),0) -> 0 | CE21: =IF(CC21>CD21,"1",IF(CC21<CD21,"2","X")) -> X | CF21: =IF(CE21=$H21,IF(CC21=$F21,IF(CD21=$G21,IF($F21-$G21>=3,6,IF($G21-$F21>=3,6,IF($F21+$G21>=4,6,5))),3),3),0) -> 0 | CI21: =IF(CG21>CH21,"1",IF(CG21<CH21,"2","X")) -> X | CJ21: =IF(CI21=$H21,IF(CG21=$F21,IF(CH21=$G21,IF($F21-$G21>=3,6,IF($G21-$F21>=3,6,IF($F21+$G21>=4,6,5))),3),3),0) -> 0 | CM21: =IF(CK21>CL21,"1",IF(CK21<CL21,"2","X")) -> X | CN21: =IF(CM21=$H21,IF(CK21=$F21,IF(CL21=$G21,IF($F21-$G21>=3,6,IF($G21-$F21>=3,6,IF($F21+$G21>=4,6,5))),3),3),0) -> 0 | CQ21: =IF(CO21>CP21,"1",IF(CO21<CP21,"2","X")) -> X | CR21: =IF(CQ21=$H21,IF(CO21=$F21,IF(CP21=$G21,IF($F21-$G21>=3,6,IF($G21-$F21>=3,6,IF($F21+$G21>=4,6,5))),3),3),0) -> 0 | CU21: =IF(CS21>CT21,"1",IF(CS21<CT21,"2","X")) -> X | CV21: =IF(CU21=$H21,IF(CS21=$F21,IF(CT21=$G21,IF($F21-$G21>=3,6,IF($G21-$F21>=3,6,IF($F21+$G21>=4,6,5))),3),3),0) -> 0 | CY21: =IF(CW21>CX21,"1",IF(CW21<CX21,"2","X")) -> X | CZ21: =IF(CY21=$H21,IF(CW21=$F21,IF(CX21=$G21,IF($F21-$G21>=3,6,IF($G21-$F21>=3,6,IF($F21+$G21>=4,6,5))),3),3),0) -> 0 | DC21: =IF(DA21>DB21,"1",IF(DA21<DB21,"2","X")) -> X | DD21: =IF(DC21=$H21,IF(DA21=$F21,IF(DB21=$G21,IF($F21-$G21>=3,6,IF($G21-$F21>=3,6,IF($F21+$G21>=4,6,5))),3),3),0) -> 0 | DG21: =IF(DE21>DF21,"1",IF(DE21<DF21,"2","X")) -> X | DH21: =IF(DG21=$H21,IF(DE21=$F21,IF(DF21=$G21,IF($F21-$G21>=3,6,IF($G21-$F21>=3,6,IF($F21+$G21>=4,6,5))),3),3),0) -> 0 | DK21: =IF(DI21>DJ21,"1",IF(DI21<DJ21,"2","X")) -> X | DL21: =IF(DK21=$H21,IF(DI21=$F21,IF(DJ21=$G21,IF($F21-$G21>=3,6,IF($G21-$F21>=3,6,IF($F21+$G21>=4,6,5))),3),3),0) -> 0 | DO21: =IF(DM21>DN21,"1",IF(DM21<DN21,"2","X")) -> X | DP21: =IF(DO21=$H21,IF(DM21=$F21,IF(DN21=$G21,IF($F21-$G21>=3,6,IF($G21-$F21>=3,6,IF($F21+$G21>=4,6,5))),3),3),0) -> 0
A22: 44724 | B22: 05:00 | C22: United States | D22: Paraguay | E22: =L22+P22+T22+X22+AB22+AF22+AJ22+AN22+AR22+AV22+AZ22+BD22+BH22+BL22+BP22+BT22+BX22+CB22+CF22+CJ22+CN22+CR22+CV22+CZ22+DD22+DH22+DL22 -> 0 | H22: =IF(ISNUMBER(F22),IF(F22>G22,"1",IF(F22<G22,"2","X"))) -> FALSE | I22: 1 | J22: 0 | K22: =IF(I22>J22,"1",IF(I22<J22,"2","X")) -> 1 | L22: =IF(K22=$H22,IF(I22=$F22,IF(J22=$G22,IF($F22-$G22>=3,6,IF($G22-$F22>=3,6,IF($F22+$G22>=4,6,5))),3),3),0) -> 0 | M22: 2 | N22: 1 | O22: =IF(M22>N22,"1",IF(M22<N22,"2","X")) -> 1 | P22: =IF(O22=$H22,IF(M22=$F22,IF(N22=$G22,IF($F22-$G22>=3,6,IF($G22-$F22>=3,6,IF($F22+$G22>=4,6,5))),3),3),0) -> 0 | Q22: 1 | R22: 0 | S22: =IF(Q22>R22,"1",IF(Q22<R22,"2","X")) -> 1 | T22: =IF(S22=$H22,IF(Q22=$F22,IF(R22=$G22,IF($F22-$G22>=3,6,IF($G22-$F22>=3,6,IF($F22+$G22>=4,6,5))),3),3),0) -> 0 | U22: 2 | V22: 1 | W22: =IF(U22>V22,"1",IF(U22<V22,"2","X")) -> 1 | X22: =IF(W22=$H22,IF(U22=$F22,IF(V22=$G22,IF($F22-$G22>=3,6,IF($G22-$F22>=3,6,IF($F22+$G22>=4,6,5))),3),3),0) -> 0 | Y22: 0 | Z22: 0 | AA22: =IF(Y22>Z22,"1",IF(Y22<Z22,"2","X")) -> X | AB22: =IF(AA22=$H22,IF(Y22=$F22,IF(Z22=$G22,IF($F22-$G22>=3,6,IF($G22-$F22>=3,6,IF($F22+$G22>=4,6,5))),3),3),0) -> 0 | AC22: 1 | AD22: 0 | AE22: =IF(AC22>AD22,"1",IF(AC22<AD22,"2","X")) -> 1 | AF22: =IF(AE22=$H22,IF(AC22=$F22,IF(AD22=$G22,IF($F22-$G22>=3,6,IF($G22-$F22>=3,6,IF($F22+$G22>=4,6,5))),3),3),0) -> 0 | AG22: 1 | AH22: 1 | AI22: =IF(AG22>AH22,"1",IF(AG22<AH22,"2","X")) -> X | AJ22: =IF(AI22=$H22,IF(AG22=$F22,IF(AH22=$G22,IF($F22-$G22>=3,6,IF($G22-$F22>=3,6,IF($F22+$G22>=4,6,5))),3),3),0) -> 0 | AK22: 2 | AL22: 1 | AM22: =IF(AK22>AL22,"1",IF(AK22<AL22,"2","X")) -> 1 | AN22: =IF(AM22=$H22,IF(AK22=$F22,IF(AL22=$G22,IF($F22-$G22>=3,6,IF($G22-$F22>=3,6,IF($F22+$G22>=4,6,5))),3),3),0) -> 0 | AO22: 1 | AP22: 1 | AQ22: =IF(AO22>AP22,"1",IF(AO22<AP22,"2","X")) -> X | AR22: =IF(AQ22=$H22,IF(AO22=$F22,IF(AP22=$G22,IF($F22-$G22>=3,6,IF($G22-$F22>=3,6,IF($F22+$G22>=4,6,5))),3),3),0) -> 0 | AS22: 2 | AT22: 1 | AU22: =IF(AS22>AT22,"1",IF(AS22<AT22,"2","X")) -> 1 | AV22: =IF(AU22=$H22,IF(AS22=$F22,IF(AT22=$G22,IF($F22-$G22>=3,6,IF($G22-$F22>=3,6,IF($F22+$G22>=4,6,5))),3),3),0) -> 0 | AW22: 1 | AX22: 1 | AY22: =IF(AW22>AX22,"1",IF(AW22<AX22,"2","X")) -> X | AZ22: =IF(AY22=$H22,IF(AW22=$F22,IF(AX22=$G22,IF($F22-$G22>=3,6,IF($G22-$F22>=3,6,IF($F22+$G22>=4,6,5))),3),3),0) -> 0 | BA22: 1 | BB22: 1 | BC22: =IF(BA22>BB22,"1",IF(BA22<BB22,"2","X")) -> X | BD22: =IF(BC22=$H22,IF(BA22=$F22,IF(BB22=$G22,IF($F22-$G22>=3,6,IF($G22-$F22>=3,6,IF($F22+$G22>=4,6,5))),3),3),0) -> 0 | BE22: 2 | BF22: 1 | BG22: =IF(BE22>BF22,"1",IF(BE22<BF22,"2","X")) -> 1 | BH22: =IF(BG22=$H22,IF(BE22=$F22,IF(BF22=$G22,IF($F22-$G22>=3,6,IF($G22-$F22>=3,6,IF($F22+$G22>=4,6,5))),3),3),0) -> 0 | BI22: 2 | BJ22: 0 | BK22: =IF(BI22>BJ22,"1",IF(BI22<BJ22,"2","X")) -> 1 | BL22: =IF(BK22=$H22,IF(BI22=$F22,IF(BJ22=$G22,IF($F22-$G22>=3,6,IF($G22-$F22>=3,6,IF($F22+$G22>=4,6,5))),3),3),0) -> 0 | BM22: 2 | BN22: 0 | BO22: =IF(BM22>BN22,"1",IF(BM22<BN22,"2","X")) -> 1 | BP22: =IF(BO22=$H22,IF(BM22=$F22,IF(BN22=$G22,IF($F22-$G22>=3,6,IF($G22-$F22>=3,6,IF($F22+$G22>=4,6,5))),3),3),0) -> 0 | BQ22: 1 | BR22: 0 | BS22: =IF(BQ22>BR22,"1",IF(BQ22<BR22,"2","X")) -> 1 | BT22: =IF(BS22=$H22,IF(BQ22=$F22,IF(BR22=$G22,IF($F22-$G22>=3,6,IF($G22-$F22>=3,6,IF($F22+$G22>=4,6,5))),3),3),0) -> 0 | BU22: 2 | BV22: 1 | BW22: =IF(BU22>BV22,"1",IF(BU22<BV22,"2","X")) -> 1 | BX22: =IF(BW22=$H22,IF(BU22=$F22,IF(BV22=$G22,IF($F22-$G22>=3,6,IF($G22-$F22>=3,6,IF($F22+$G22>=4,6,5))),3),3),0) -> 0 | BY22: 1 | BZ22: 1 | CA22: =IF(BY22>BZ22,"1",IF(BY22<BZ22,"2","X")) -> X | CB22: =IF(CA22=$H22,IF(BY22=$F22,IF(BZ22=$G22,IF($F22-$G22>=3,6,IF($G22-$F22>=3,6,IF($F22+$G22>=4,6,5))),3),3),0) -> 0 | CC22: 1 | CD22: 1 | CE22: =IF(CC22>CD22,"1",IF(CC22<CD22,"2","X")) -> X | CF22: =IF(CE22=$H22,IF(CC22=$F22,IF(CD22=$G22,IF($F22-$G22>=3,6,IF($G22-$F22>=3,6,IF($F22+$G22>=4,6,5))),3),3),0) -> 0 | CG22: 2 | CH22: 1 | CI22: =IF(CG22>CH22,"1",IF(CG22<CH22,"2","X")) -> 1 | CJ22: =IF(CI22=$H22,IF(CG22=$F22,IF(CH22=$G22,IF($F22-$G22>=3,6,IF($G22-$F22>=3,6,IF($F22+$G22>=4,6,5))),3),3),0) -> 0 | CK22: 1 | CL22: 0 | CM22: =IF(CK22>CL22,"1",IF(CK22<CL22,"2","X")) -> 1 | CN22: =IF(CM22=$H22,IF(CK22=$F22,IF(CL22=$G22,IF($F22-$G22>=3,6,IF($G22-$F22>=3,6,IF($F22+$G22>=4,6,5))),3),3),0) -> 0 | CO22: 1 | CP22: 1 | CQ22: =IF(CO22>CP22,"1",IF(CO22<CP22,"2","X")) -> X | CR22: =IF(CQ22=$H22,IF(CO22=$F22,IF(CP22=$G22,IF($F22-$G22>=3,6,IF($G22-$F22>=3,6,IF($F22+$G22>=4,6,5))),3),3),0) -> 0 | CS22: 1 | CT22: 1 | CU22: =IF(CS22>CT22,"1",IF(CS22<CT22,"2","X")) -> X | CV22: =IF(CU22=$H22,IF(CS22=$F22,IF(CT22=$G22,IF($F22-$G22>=3,6,IF($G22-$F22>=3,6,IF($F22+$G22>=4,6,5))),3),3),0) -> 0 | CW22: 2 | CX22: 1 | CY22: =IF(CW22>CX22,"1",IF(CW22<CX22,"2","X")) -> 1 | CZ22: =IF(CY22=$H22,IF(CW22=$F22,IF(CX22=$G22,IF($F22-$G22>=3,6,IF($G22-$F22>=3,6,IF($F22+$G22>=4,6,5))),3),3),0) -> 0 | DA22: 2 | DB22: 1 | DC22: =IF(DA22>DB22,"1",IF(DA22<DB22,"2","X")) -> 1 | DD22: =IF(DC22=$H22,IF(DA22=$F22,IF(DB22=$G22,IF($F22-$G22>=3,6,IF($G22-$F22>=3,6,IF($F22+$G22>=4,6,5))),3),3),0) -> 0 | DE22: 2 | DF22: 0 | DG22: =IF(DE22>DF22,"1",IF(DE22<DF22,"2","X")) -> 1 | DH22: =IF(DG22=$H22,IF(DE22=$F22,IF(DF22=$G22,IF($F22-$G22>=3,6,IF($G22-$F22>=3,6,IF($F22+$G22>=4,6,5))),3),3),0) -> 0 | DI22: 3 | DJ22: 2 | DK22: =IF(DI22>DJ22,"1",IF(DI22<DJ22,"2","X")) -> 1 | DL22: =IF(DK22=$H22,IF(DI22=$F22,IF(DJ22=$G22,IF($F22-$G22>=3,6,IF($G22-$F22>=3,6,IF($F22+$G22>=4,6,5))),3),3),0) -> 0 | DM22: 1 | DN22: 1 | DO22: =IF(DM22>DN22,"1",IF(DM22<DN22,"2","X")) -> X | DP22: =IF(DO22=$H22,IF(DM22=$F22,IF(DN22=$G22,IF($F22-$G22>=3,6,IF($G22-$F22>=3,6,IF($F22+$G22>=4,6,5))),3),3),0) -> 0
A23: 44725 | B23: 08:00 | C23: Australia | D23: Turkey | E23: =L23+P23+T23+X23+AB23+AF23+AJ23+AN23+AR23+AV23+AZ23+BD23+BH23+BL23+BP23+BT23+BX23+CB23+CF23+CJ23+CN23+CR23+CV23+CZ23+DD23+DH23+DL23 -> 0 | H23: =IF(ISNUMBER(F23),IF(F23>G23,"1",IF(F23<G23,"2","X"))) -> FALSE | I23: 1 | J23: 2 | K23: =IF(I23>J23,"1",IF(I23<J23,"2","X")) -> 2 | L23: =IF(K23=$H23,IF(I23=$F23,IF(J23=$G23,IF($F23-$G23>=3,6,IF($G23-$F23>=3,6,IF($F23+$G23>=4,6,5))),3),3),0) -> 0 | M23: 1 | N23: 1 | O23: =IF(M23>N23,"1",IF(M23<N23,"2","X")) -> X | P23: =IF(O23=$H23,IF(M23=$F23,IF(N23=$G23,IF($F23-$G23>=3,6,IF($G23-$F23>=3,6,IF($F23+$G23>=4,6,5))),3),3),0) -> 0 | Q23: 0 | R23: 2 | S23: =IF(Q23>R23,"1",IF(Q23<R23,"2","X")) -> 2 | T23: =IF(S23=$H23,IF(Q23=$F23,IF(R23=$G23,IF($F23-$G23>=3,6,IF($G23-$F23>=3,6,IF($F23+$G23>=4,6,5))),3),3),0) -> 0 | U23: 0 | V23: 1 | W23: =IF(U23>V23,"1",IF(U23<V23,"2","X")) -> 2 | X23: =IF(W23=$H23,IF(U23=$F23,IF(V23=$G23,IF($F23-$G23>=3,6,IF($G23-$F23>=3,6,IF($F23+$G23>=4,6,5))),3),3),0) -> 0 | Y23: 0 | Z23: 2 | AA23: =IF(Y23>Z23,"1",IF(Y23<Z23,"2","X")) -> 2 | AB23: =IF(AA23=$H23,IF(Y23=$F23,IF(Z23=$G23,IF($F23-$G23>=3,6,IF($G23-$F23>=3,6,IF($F23+$G23>=4,6,5))),3),3),0) -> 0 | AC23: 0 | AD23: 2 | AE23: =IF(AC23>AD23,"1",IF(AC23<AD23,"2","X")) -> 2 | AF23: =IF(AE23=$H23,IF(AC23=$F23,IF(AD23=$G23,IF($F23-$G23>=3,6,IF($G23-$F23>=3,6,IF($F23+$G23>=4,6,5))),3),3),0) -> 0 | AG23: 0 | AH23: 2 | AI23: =IF(AG23>AH23,"1",IF(AG23<AH23,"2","X")) -> 2 | AJ23: =IF(AI23=$H23,IF(AG23=$F23,IF(AH23=$G23,IF($F23-$G23>=3,6,IF($G23-$F23>=3,6,IF($F23+$G23>=4,6,5))),3),3),0) -> 0 | AK23: 1 | AL23: 2 | AM23: =IF(AK23>AL23,"1",IF(AK23<AL23,"2","X")) -> 2 | AN23: =IF(AM23=$H23,IF(AK23=$F23,IF(AL23=$G23,IF($F23-$G23>=3,6,IF($G23-$F23>=3,6,IF($F23+$G23>=4,6,5))),3),3),0) -> 0 | AO23: 2 | AP23: 2 | AQ23: =IF(AO23>AP23,"1",IF(AO23<AP23,"2","X")) -> X | AR23: =IF(AQ23=$H23,IF(AO23=$F23,IF(AP23=$G23,IF($F23-$G23>=3,6,IF($G23-$F23>=3,6,IF($F23+$G23>=4,6,5))),3),3),0) -> 0 | AS23: 0 | AT23: 1 | AU23: =IF(AS23>AT23,"1",IF(AS23<AT23,"2","X")) -> 2 | AV23: =IF(AU23=$H23,IF(AS23=$F23,IF(AT23=$G23,IF($F23-$G23>=3,6,IF($G23-$F23>=3,6,IF($F23+$G23>=4,6,5))),3),3),0) -> 0 | AW23: 1 | AX23: 3 | AY23: =IF(AW23>AX23,"1",IF(AW23<AX23,"2","X")) -> 2 | AZ23: =IF(AY23=$H23,IF(AW23=$F23,IF(AX23=$G23,IF($F23-$G23>=3,6,IF($G23-$F23>=3,6,IF($F23+$G23>=4,6,5))),3),3),0) -> 0 | BA23: 0 | BB23: 1 | BC23: =IF(BA23>BB23,"1",IF(BA23<BB23,"2","X")) -> 2 | BD23: =IF(BC23=$H23,IF(BA23=$F23,IF(BB23=$G23,IF($F23-$G23>=3,6,IF($G23-$F23>=3,6,IF($F23+$G23>=4,6,5))),3),3),0) -> 0 | BE23: 0 | BF23: 2 | BG23: =IF(BE23>BF23,"1",IF(BE23<BF23,"2","X")) -> 2 | BH23: =IF(BG23=$H23,IF(BE23=$F23,IF(BF23=$G23,IF($F23-$G23>=3,6,IF($G23-$F23>=3,6,IF($F23+$G23>=4,6,5))),3),3),0) -> 0 | BI23: 1 | BJ23: 1 | BK23: =IF(BI23>BJ23,"1",IF(BI23<BJ23,"2","X")) -> X | BL23: =IF(BK23=$H23,IF(BI23=$F23,IF(BJ23=$G23,IF($F23-$G23>=3,6,IF($G23-$F23>=3,6,IF($F23+$G23>=4,6,5))),3),3),0) -> 0 | BM23: 0 | BN23: 2 | BO23: =IF(BM23>BN23,"1",IF(BM23<BN23,"2","X")) -> 2 | BP23: =IF(BO23=$H23,IF(BM23=$F23,IF(BN23=$G23,IF($F23-$G23>=3,6,IF($G23-$F23>=3,6,IF($F23+$G23>=4,6,5))),3),3),0) -> 0 | BQ23: 1 | BR23: 2 | BS23: =IF(BQ23>BR23,"1",IF(BQ23<BR23,"2","X")) -> 2 | BT23: =IF(BS23=$H23,IF(BQ23=$F23,IF(BR23=$G23,IF($F23-$G23>=3,6,IF($G23-$F23>=3,6,IF($F23+$G23>=4,6,5))),3),3),0) -> 0 | BU23: 1 | BV23: 2 | BW23: =IF(BU23>BV23,"1",IF(BU23<BV23,"2","X")) -> 2 | BX23: =IF(BW23=$H23,IF(BU23=$F23,IF(BV23=$G23,IF($F23-$G23>=3,6,IF($G23-$F23>=3,6,IF($F23+$G23>=4,6,5))),3),3),0) -> 0 | BY23: 0 | BZ23: 2 | CA23: =IF(BY23>BZ23,"1",IF(BY23<BZ23,"2","X")) -> 2 | CB23: =IF(CA23=$H23,IF(BY23=$F23,IF(BZ23=$G23,IF($F23-$G23>=3,6,IF($G23-$F23>=3,6,IF($F23+$G23>=4,6,5))),3),3),0) -> 0 | CC23: 1 | CD23: 3 | CE23: =IF(CC23>CD23,"1",IF(CC23<CD23,"2","X")) -> 2 | CF23: =IF(CE23=$H23,IF(CC23=$F23,IF(CD23=$G23,IF($F23-$G23>=3,6,IF($G23-$F23>=3,6,IF($F23+$G23>=4,6,5))),3),3),0) -> 0 | CG23: 1 | CH23: 1 | CI23: =IF(CG23>CH23,"1",IF(CG23<CH23,"2","X")) -> X | CJ23: =IF(CI23=$H23,IF(CG23=$F23,IF(CH23=$G23,IF($F23-$G23>=3,6,IF($G23-$F23>=3,6,IF($F23+$G23>=4,6,5))),3),3),0) -> 0 | CK23: 1 | CL23: 2 | CM23: =IF(CK23>CL23,"1",IF(CK23<CL23,"2","X")) -> 2 | CN23: =IF(CM23=$H23,IF(CK23=$F23,IF(CL23=$G23,IF($F23-$G23>=3,6,IF($G23-$F23>=3,6,IF($F23+$G23>=4,6,5))),3),3),0) -> 0 | CO23: 0 | CP23: 2 | CQ23: =IF(CO23>CP23,"1",IF(CO23<CP23,"2","X")) -> 2 | CR23: =IF(CQ23=$H23,IF(CO23=$F23,IF(CP23=$G23,IF($F23-$G23>=3,6,IF($G23-$F23>=3,6,IF($F23+$G23>=4,6,5))),3),3),0) -> 0 | CS23: 1 | CT23: 2 | CU23: =IF(CS23>CT23,"1",IF(CS23<CT23,"2","X")) -> 2 | CV23: =IF(CU23=$H23,IF(CS23=$F23,IF(CT23=$G23,IF($F23-$G23>=3,6,IF($G23-$F23>=3,6,IF($F23+$G23>=4,6,5))),3),3),0) -> 0 | CW23: 0 | CX23: 2 | CY23: =IF(CW23>CX23,"1",IF(CW23<CX23,"2","X")) -> 2 | CZ23: =IF(CY23=$H23,IF(CW23=$F23,IF(CX23=$G23,IF($F23-$G23>=3,6,IF($G23-$F23>=3,6,IF($F23+$G23>=4,6,5))),3),3),0) -> 0 | DA23: 0 | DB23: 2 | DC23: =IF(DA23>DB23,"1",IF(DA23<DB23,"2","X")) -> 2 | DD23: =IF(DC23=$H23,IF(DA23=$F23,IF(DB23=$G23,IF($F23-$G23>=3,6,IF($G23-$F23>=3,6,IF($F23+$G23>=4,6,5))),3),3),0) -> 0 | DE23: 2 | DF23: 1 | DG23: =IF(DE23>DF23,"1",IF(DE23<DF23,"2","X")) -> 1 | DH23: =IF(DG23=$H23,IF(DE23=$F23,IF(DF23=$G23,IF($F23-$G23>=3,6,IF($G23-$F23>=3,6,IF($F23+$G23>=4,6,5))),3),3),0) -> 0 | DI23: 0 | DJ23: 3 | DK23: =IF(DI23>DJ23,"1",IF(DI23<DJ23,"2","X")) -> 2 | DL23: =IF(DK23=$H23,IF(DI23=$F23,IF(DJ23=$G23,IF($F23-$G23>=3,6,IF($G23-$F23>=3,6,IF($F23+$G23>=4,6,5))),3),3),0) -> 0 | DM23: 1 | DN23: 3 | DO23: =IF(DM23>DN23,"1",IF(DM23<DN23,"2","X")) -> 2 | DP23: =IF(DO23=$H23,IF(DM23=$F23,IF(DN23=$G23,IF($F23-$G23>=3,6,IF($G23-$F23>=3,6,IF($F23+$G23>=4,6,5))),3),3),0) -> 0
A24: 44730 | B24: 23:00 | C24: United States | D24: Australia | E24: =L24+P24+T24+X24+AB24+AF24+AJ24+AN24+AR24+AV24+AZ24+BD24+BH24+BL24+BP24+BT24+BX24+CB24+CF24+CJ24+CN24+CR24+CV24+CZ24+DD24+DH24+DL24 -> 0 | H24: =IF(ISNUMBER(F24),IF(F24>G24,"1",IF(F24<G24,"2","X"))) -> FALSE | I24: 2 | J24: 1 | K24: =IF(I24>J24,"1",IF(I24<J24,"2","X")) -> 1 | L24: =IF(K24=$H24,IF(I24=$F24,IF(J24=$G24,IF($F24-$G24>=3,6,IF($G24-$F24>=3,6,IF($F24+$G24>=4,6,5))),3),3),0) -> 0 | M24: 2 | N24: 1 | O24: =IF(M24>N24,"1",IF(M24<N24,"2","X")) -> 1 | P24: =IF(O24=$H24,IF(M24=$F24,IF(N24=$G24,IF($F24-$G24>=3,6,IF($G24-$F24>=3,6,IF($F24+$G24>=4,6,5))),3),3),0) -> 0 | Q24: 2 | R24: 0 | S24: =IF(Q24>R24,"1",IF(Q24<R24,"2","X")) -> 1 | T24: =IF(S24=$H24,IF(Q24=$F24,IF(R24=$G24,IF($F24-$G24>=3,6,IF($G24-$F24>=3,6,IF($F24+$G24>=4,6,5))),3),3),0) -> 0 | U24: 1 | V24: 1 | W24: =IF(U24>V24,"1",IF(U24<V24,"2","X")) -> X | X24: =IF(W24=$H24,IF(U24=$F24,IF(V24=$G24,IF($F24-$G24>=3,6,IF($G24-$F24>=3,6,IF($F24+$G24>=4,6,5))),3),3),0) -> 0 | Y24: 2 | Z24: 1 | AA24: =IF(Y24>Z24,"1",IF(Y24<Z24,"2","X")) -> 1 | AB24: =IF(AA24=$H24,IF(Y24=$F24,IF(Z24=$G24,IF($F24-$G24>=3,6,IF($G24-$F24>=3,6,IF($F24+$G24>=4,6,5))),3),3),0) -> 0 | AC24: 1 | AD24: 0 | AE24: =IF(AC24>AD24,"1",IF(AC24<AD24,"2","X")) -> 1 | AF24: =IF(AE24=$H24,IF(AC24=$F24,IF(AD24=$G24,IF($F24-$G24>=3,6,IF($G24-$F24>=3,6,IF($F24+$G24>=4,6,5))),3),3),0) -> 0 | AG24: 1 | AH24: 1 | AI24: =IF(AG24>AH24,"1",IF(AG24<AH24,"2","X")) -> X | AJ24: =IF(AI24=$H24,IF(AG24=$F24,IF(AH24=$G24,IF($F24-$G24>=3,6,IF($G24-$F24>=3,6,IF($F24+$G24>=4,6,5))),3),3),0) -> 0 | AK24: 1 | AL24: 0 | AM24: =IF(AK24>AL24,"1",IF(AK24<AL24,"2","X")) -> 1 | AN24: =IF(AM24=$H24,IF(AK24=$F24,IF(AL24=$G24,IF($F24-$G24>=3,6,IF($G24-$F24>=3,6,IF($F24+$G24>=4,6,5))),3),3),0) -> 0 | AO24: 1 | AP24: 0 | AQ24: =IF(AO24>AP24,"1",IF(AO24<AP24,"2","X")) -> 1 | AR24: =IF(AQ24=$H24,IF(AO24=$F24,IF(AP24=$G24,IF($F24-$G24>=3,6,IF($G24-$F24>=3,6,IF($F24+$G24>=4,6,5))),3),3),0) -> 0 | AS24: 2 | AT24: 2 | AU24: =IF(AS24>AT24,"1",IF(AS24<AT24,"2","X")) -> X | AV24: =IF(AU24=$H24,IF(AS24=$F24,IF(AT24=$G24,IF($F24-$G24>=3,6,IF($G24-$F24>=3,6,IF($F24+$G24>=4,6,5))),3),3),0) -> 0 | AW24: 2 | AX24: 0 | AY24: =IF(AW24>AX24,"1",IF(AW24<AX24,"2","X")) -> 1 | AZ24: =IF(AY24=$H24,IF(AW24=$F24,IF(AX24=$G24,IF($F24-$G24>=3,6,IF($G24-$F24>=3,6,IF($F24+$G24>=4,6,5))),3),3),0) -> 0 | BA24: 2 | BB24: 0 | BC24: =IF(BA24>BB24,"1",IF(BA24<BB24,"2","X")) -> 1 | BD24: =IF(BC24=$H24,IF(BA24=$F24,IF(BB24=$G24,IF($F24-$G24>=3,6,IF($G24-$F24>=3,6,IF($F24+$G24>=4,6,5))),3),3),0) -> 0 | BE24: 1 | BF24: 0 | BG24: =IF(BE24>BF24,"1",IF(BE24<BF24,"2","X")) -> 1 | BH24: =IF(BG24=$H24,IF(BE24=$F24,IF(BF24=$G24,IF($F24-$G24>=3,6,IF($G24-$F24>=3,6,IF($F24+$G24>=4,6,5))),3),3),0) -> 0 | BI24: 2 | BJ24: 1 | BK24: =IF(BI24>BJ24,"1",IF(BI24<BJ24,"2","X")) -> 1 | BL24: =IF(BK24=$H24,IF(BI24=$F24,IF(BJ24=$G24,IF($F24-$G24>=3,6,IF($G24-$F24>=3,6,IF($F24+$G24>=4,6,5))),3),3),0) -> 0 | BM24: 1 | BN24: 0 | BO24: =IF(BM24>BN24,"1",IF(BM24<BN24,"2","X")) -> 1 | BP24: =IF(BO24=$H24,IF(BM24=$F24,IF(BN24=$G24,IF($F24-$G24>=3,6,IF($G24-$F24>=3,6,IF($F24+$G24>=4,6,5))),3),3),0) -> 0 | BQ24: 1 | BR24: 1 | BS24: =IF(BQ24>BR24,"1",IF(BQ24<BR24,"2","X")) -> X | BT24: =IF(BS24=$H24,IF(BQ24=$F24,IF(BR24=$G24,IF($F24-$G24>=3,6,IF($G24-$F24>=3,6,IF($F24+$G24>=4,6,5))),3),3),0) -> 0 | BU24: 3 | BV24: 1 | BW24: =IF(BU24>BV24,"1",IF(BU24<BV24,"2","X")) -> 1 | BX24: =IF(BW24=$H24,IF(BU24=$F24,IF(BV24=$G24,IF($F24-$G24>=3,6,IF($G24-$F24>=3,6,IF($F24+$G24>=4,6,5))),3),3),0) -> 0 | BY24: 2 | BZ24: 0 | CA24: =IF(BY24>BZ24,"1",IF(BY24<BZ24,"2","X")) -> 1 | CB24: =IF(CA24=$H24,IF(BY24=$F24,IF(BZ24=$G24,IF($F24-$G24>=3,6,IF($G24-$F24>=3,6,IF($F24+$G24>=4,6,5))),3),3),0) -> 0 | CC24: 1 | CD24: 0 | CE24: =IF(CC24>CD24,"1",IF(CC24<CD24,"2","X")) -> 1 | CF24: =IF(CE24=$H24,IF(CC24=$F24,IF(CD24=$G24,IF($F24-$G24>=3,6,IF($G24-$F24>=3,6,IF($F24+$G24>=4,6,5))),3),3),0) -> 0 | CG24: 2 | CH24: 0 | CI24: =IF(CG24>CH24,"1",IF(CG24<CH24,"2","X")) -> 1 | CJ24: =IF(CI24=$H24,IF(CG24=$F24,IF(CH24=$G24,IF($F24-$G24>=3,6,IF($G24-$F24>=3,6,IF($F24+$G24>=4,6,5))),3),3),0) -> 0 | CK24: 1 | CL24: 1 | CM24: =IF(CK24>CL24,"1",IF(CK24<CL24,"2","X")) -> X | CN24: =IF(CM24=$H24,IF(CK24=$F24,IF(CL24=$G24,IF($F24-$G24>=3,6,IF($G24-$F24>=3,6,IF($F24+$G24>=4,6,5))),3),3),0) -> 0 | CO24: 2 | CP24: 0 | CQ24: =IF(CO24>CP24,"1",IF(CO24<CP24,"2","X")) -> 1 | CR24: =IF(CQ24=$H24,IF(CO24=$F24,IF(CP24=$G24,IF($F24-$G24>=3,6,IF($G24-$F24>=3,6,IF($F24+$G24>=4,6,5))),3),3),0) -> 0 | CS24: 2 | CT24: 0 | CU24: =IF(CS24>CT24,"1",IF(CS24<CT24,"2","X")) -> 1 | CV24: =IF(CU24=$H24,IF(CS24=$F24,IF(CT24=$G24,IF($F24-$G24>=3,6,IF($G24-$F24>=3,6,IF($F24+$G24>=4,6,5))),3),3),0) -> 0 | CW24: 2 | CX24: 0 | CY24: =IF(CW24>CX24,"1",IF(CW24<CX24,"2","X")) -> 1 | CZ24: =IF(CY24=$H24,IF(CW24=$F24,IF(CX24=$G24,IF($F24-$G24>=3,6,IF($G24-$F24>=3,6,IF($F24+$G24>=4,6,5))),3),3),0) -> 0 | DA24: 3 | DB24: 1 | DC24: =IF(DA24>DB24,"1",IF(DA24<DB24,"2","X")) -> 1 | DD24: =IF(DC24=$H24,IF(DA24=$F24,IF(DB24=$G24,IF($F24-$G24>=3,6,IF($G24-$F24>=3,6,IF($F24+$G24>=4,6,5))),3),3),0) -> 0 | DE24: 2 | DF24: 1 | DG24: =IF(DE24>DF24,"1",IF(DE24<DF24,"2","X")) -> 1 | DH24: =IF(DG24=$H24,IF(DE24=$F24,IF(DF24=$G24,IF($F24-$G24>=3,6,IF($G24-$F24>=3,6,IF($F24+$G24>=4,6,5))),3),3),0) -> 0 | DI24: 3 | DJ24: 1 | DK24: =IF(DI24>DJ24,"1",IF(DI24<DJ24,"2","X")) -> 1 | DL24: =IF(DK24=$H24,IF(DI24=$F24,IF(DJ24=$G24,IF($F24-$G24>=3,6,IF($G24-$F24>=3,6,IF($F24+$G24>=4,6,5))),3),3),0) -> 0 | DM24: 2 | DN24: 1 | DO24: =IF(DM24>DN24,"1",IF(DM24<DN24,"2","X")) -> 1 | DP24: =IF(DO24=$H24,IF(DM24=$F24,IF(DN24=$G24,IF($F24-$G24>=3,6,IF($G24-$F24>=3,6,IF($F24+$G24>=4,6,5))),3),3),0) -> 0
A25: 44731 | B25: 07:00 | C25: Turkey | D25: Paraguay | E25: =L25+P25+T25+X25+AB25+AF25+AJ25+AN25+AR25+AV25+AZ25+BD25+BH25+BL25+BP25+BT25+BX25+CB25+CF25+CJ25+CN25+CR25+CV25+CZ25+DD25+DH25+DL25 -> 0 | H25: =IF(ISNUMBER(F25),IF(F25>G25,"1",IF(F25<G25,"2","X"))) -> FALSE | I25: 1 | J25: 0 | K25: =IF(I25>J25,"1",IF(I25<J25,"2","X")) -> 1 | L25: =IF(K25=$H25,IF(I25=$F25,IF(J25=$G25,IF($F25-$G25>=3,6,IF($G25-$F25>=3,6,IF($F25+$G25>=4,6,5))),3),3),0) -> 0 | M25: 2 | N25: 2 | O25: =IF(M25>N25,"1",IF(M25<N25,"2","X")) -> X | P25: =IF(O25=$H25,IF(M25=$F25,IF(N25=$G25,IF($F25-$G25>=3,6,IF($G25-$F25>=3,6,IF($F25+$G25>=4,6,5))),3),3),0) -> 0 | Q25: 1 | R25: 1 | S25: =IF(Q25>R25,"1",IF(Q25<R25,"2","X")) -> X | T25: =IF(S25=$H25,IF(Q25=$F25,IF(R25=$G25,IF($F25-$G25>=3,6,IF($G25-$F25>=3,6,IF($F25+$G25>=4,6,5))),3),3),0) -> 0 | U25: 1 | V25: 1 | W25: =IF(U25>V25,"1",IF(U25<V25,"2","X")) -> X | X25: =IF(W25=$H25,IF(U25=$F25,IF(V25=$G25,IF($F25-$G25>=3,6,IF($G25-$F25>=3,6,IF($F25+$G25>=4,6,5))),3),3),0) -> 0 | Y25: 1 | Z25: 1 | AA25: =IF(Y25>Z25,"1",IF(Y25<Z25,"2","X")) -> X | AB25: =IF(AA25=$H25,IF(Y25=$F25,IF(Z25=$G25,IF($F25-$G25>=3,6,IF($G25-$F25>=3,6,IF($F25+$G25>=4,6,5))),3),3),0) -> 0 | AC25: 2 | AD25: 0 | AE25: =IF(AC25>AD25,"1",IF(AC25<AD25,"2","X")) -> 1 | AF25: =IF(AE25=$H25,IF(AC25=$F25,IF(AD25=$G25,IF($F25-$G25>=3,6,IF($G25-$F25>=3,6,IF($F25+$G25>=4,6,5))),3),3),0) -> 0 | AG25: 1 | AH25: 1 | AI25: =IF(AG25>AH25,"1",IF(AG25<AH25,"2","X")) -> X | AJ25: =IF(AI25=$H25,IF(AG25=$F25,IF(AH25=$G25,IF($F25-$G25>=3,6,IF($G25-$F25>=3,6,IF($F25+$G25>=4,6,5))),3),3),0) -> 0 | AK25: 1 | AL25: 1 | AM25: =IF(AK25>AL25,"1",IF(AK25<AL25,"2","X")) -> X | AN25: =IF(AM25=$H25,IF(AK25=$F25,IF(AL25=$G25,IF($F25-$G25>=3,6,IF($G25-$F25>=3,6,IF($F25+$G25>=4,6,5))),3),3),0) -> 0 | AO25: 1 | AP25: 1 | AQ25: =IF(AO25>AP25,"1",IF(AO25<AP25,"2","X")) -> X | AR25: =IF(AQ25=$H25,IF(AO25=$F25,IF(AP25=$G25,IF($F25-$G25>=3,6,IF($G25-$F25>=3,6,IF($F25+$G25>=4,6,5))),3),3),0) -> 0 | AS25: 1 | AT25: 1 | AU25: =IF(AS25>AT25,"1",IF(AS25<AT25,"2","X")) -> X | AV25: =IF(AU25=$H25,IF(AS25=$F25,IF(AT25=$G25,IF($F25-$G25>=3,6,IF($G25-$F25>=3,6,IF($F25+$G25>=4,6,5))),3),3),0) -> 0 | AW25: 1 | AX25: 1 | AY25: =IF(AW25>AX25,"1",IF(AW25<AX25,"2","X")) -> X | AZ25: =IF(AY25=$H25,IF(AW25=$F25,IF(AX25=$G25,IF($F25-$G25>=3,6,IF($G25-$F25>=3,6,IF($F25+$G25>=4,6,5))),3),3),0) -> 0 | BA25: 1 | BB25: 2 | BC25: =IF(BA25>BB25,"1",IF(BA25<BB25,"2","X")) -> 2 | BD25: =IF(BC25=$H25,IF(BA25=$F25,IF(BB25=$G25,IF($F25-$G25>=3,6,IF($G25-$F25>=3,6,IF($F25+$G25>=4,6,5))),3),3),0) -> 0 | BE25: 3 | BF25: 1 | BG25: =IF(BE25>BF25,"1",IF(BE25<BF25,"2","X")) -> 1 | BH25: =IF(BG25=$H25,IF(BE25=$F25,IF(BF25=$G25,IF($F25-$G25>=3,6,IF($G25-$F25>=3,6,IF($F25+$G25>=4,6,5))),3),3),0) -> 0 | BI25: 2 | BJ25: 1 | BK25: =IF(BI25>BJ25,"1",IF(BI25<BJ25,"2","X")) -> 1 | BL25: =IF(BK25=$H25,IF(BI25=$F25,IF(BJ25=$G25,IF($F25-$G25>=3,6,IF($G25-$F25>=3,6,IF($F25+$G25>=4,6,5))),3),3),0) -> 0 | BM25: 2 | BN25: 1 | BO25: =IF(BM25>BN25,"1",IF(BM25<BN25,"2","X")) -> 1 | BP25: =IF(BO25=$H25,IF(BM25=$F25,IF(BN25=$G25,IF($F25-$G25>=3,6,IF($G25-$F25>=3,6,IF($F25+$G25>=4,6,5))),3),3),0) -> 0 | BQ25: 2 | BR25: 0 | BS25: =IF(BQ25>BR25,"1",IF(BQ25<BR25,"2","X")) -> 1 | BT25: =IF(BS25=$H25,IF(BQ25=$F25,IF(BR25=$G25,IF($F25-$G25>=3,6,IF($G25-$F25>=3,6,IF($F25+$G25>=4,6,5))),3),3),0) -> 0 | BU25: 2 | BV25: 0 | BW25: =IF(BU25>BV25,"1",IF(BU25<BV25,"2","X")) -> 1 | BX25: =IF(BW25=$H25,IF(BU25=$F25,IF(BV25=$G25,IF($F25-$G25>=3,6,IF($G25-$F25>=3,6,IF($F25+$G25>=4,6,5))),3),3),0) -> 0 | BY25: 1 | BZ25: 0 | CA25: =IF(BY25>BZ25,"1",IF(BY25<BZ25,"2","X")) -> 1 | CB25: =IF(CA25=$H25,IF(BY25=$F25,IF(BZ25=$G25,IF($F25-$G25>=3,6,IF($G25-$F25>=3,6,IF($F25+$G25>=4,6,5))),3),3),0) -> 0 | CC25: 2 | CD25: 0 | CE25: =IF(CC25>CD25,"1",IF(CC25<CD25,"2","X")) -> 1 | CF25: =IF(CE25=$H25,IF(CC25=$F25,IF(CD25=$G25,IF($F25-$G25>=3,6,IF($G25-$F25>=3,6,IF($F25+$G25>=4,6,5))),3),3),0) -> 0 | CG25: 2 | CH25: 1 | CI25: =IF(CG25>CH25,"1",IF(CG25<CH25,"2","X")) -> 1 | CJ25: =IF(CI25=$H25,IF(CG25=$F25,IF(CH25=$G25,IF($F25-$G25>=3,6,IF($G25-$F25>=3,6,IF($F25+$G25>=4,6,5))),3),3),0) -> 0 | CK25: 2 | CL25: 2 | CM25: =IF(CK25>CL25,"1",IF(CK25<CL25,"2","X")) -> X | CN25: =IF(CM25=$H25,IF(CK25=$F25,IF(CL25=$G25,IF($F25-$G25>=3,6,IF($G25-$F25>=3,6,IF($F25+$G25>=4,6,5))),3),3),0) -> 0 | CO25: 0 | CP25: 0 | CQ25: =IF(CO25>CP25,"1",IF(CO25<CP25,"2","X")) -> X | CR25: =IF(CQ25=$H25,IF(CO25=$F25,IF(CP25=$G25,IF($F25-$G25>=3,6,IF($G25-$F25>=3,6,IF($F25+$G25>=4,6,5))),3),3),0) -> 0 | CS25: 1 | CT25: 0 | CU25: =IF(CS25>CT25,"1",IF(CS25<CT25,"2","X")) -> 1 | CV25: =IF(CU25=$H25,IF(CS25=$F25,IF(CT25=$G25,IF($F25-$G25>=3,6,IF($G25-$F25>=3,6,IF($F25+$G25>=4,6,5))),3),3),0) -> 0 | CW25: 2 | CX25: 1 | CY25: =IF(CW25>CX25,"1",IF(CW25<CX25,"2","X")) -> 1 | CZ25: =IF(CY25=$H25,IF(CW25=$F25,IF(CX25=$G25,IF($F25-$G25>=3,6,IF($G25-$F25>=3,6,IF($F25+$G25>=4,6,5))),3),3),0) -> 0 | DA25: 1 | DB25: 1 | DC25: =IF(DA25>DB25,"1",IF(DA25<DB25,"2","X")) -> X | DD25: =IF(DC25=$H25,IF(DA25=$F25,IF(DB25=$G25,IF($F25-$G25>=3,6,IF($G25-$F25>=3,6,IF($F25+$G25>=4,6,5))),3),3),0) -> 0 | DE25: 1 | DF25: 0 | DG25: =IF(DE25>DF25,"1",IF(DE25<DF25,"2","X")) -> 1 | DH25: =IF(DG25=$H25,IF(DE25=$F25,IF(DF25=$G25,IF($F25-$G25>=3,6,IF($G25-$F25>=3,6,IF($F25+$G25>=4,6,5))),3),3),0) -> 0 | DI25: 2 | DJ25: 0 | DK25: =IF(DI25>DJ25,"1",IF(DI25<DJ25,"2","X")) -> 1 | DL25: =IF(DK25=$H25,IF(DI25=$F25,IF(DJ25=$G25,IF($F25-$G25>=3,6,IF($G25-$F25>=3,6,IF($F25+$G25>=4,6,5))),3),3),0) -> 0 | DM25: 2 | DN25: 2 | DO25: =IF(DM25>DN25,"1",IF(DM25<DN25,"2","X")) -> X | DP25: =IF(DO25=$H25,IF(DM25=$F25,IF(DN25=$G25,IF($F25-$G25>=3,6,IF($G25-$F25>=3,6,IF($F25+$G25>=4,6,5))),3),3),0) -> 0
A26: 44737 | B26: 06:00 | C26: Turkey | D26: United States | E26: =L26+P26+T26+X26+AB26+AF26+AJ26+AN26+AR26+AV26+AZ26+BD26+BH26+BL26+BP26+BT26+BX26+CB26+CF26+CJ26+CN26+CR26+CV26+CZ26+DD26+DH26+DL26 -> 0 | H26: =IF(ISNUMBER(F26),IF(F26>G26,"1",IF(F26<G26,"2","X"))) -> FALSE | K26: =IF(I26>J26,"1",IF(I26<J26,"2","X")) -> X | L26: =IF(K26=$H26,IF(I26=$F26,IF(J26=$G26,IF($F26-$G26>=3,6,IF($G26-$F26>=3,6,IF($F26+$G26>=4,6,5))),3),3),0) -> 0 | O26: =IF(M26>N26,"1",IF(M26<N26,"2","X")) -> X | P26: =IF(O26=$H26,IF(M26=$F26,IF(N26=$G26,IF($F26-$G26>=3,6,IF($G26-$F26>=3,6,IF($F26+$G26>=4,6,5))),3),3),0) -> 0 | S26: =IF(Q26>R26,"1",IF(Q26<R26,"2","X")) -> X | T26: =IF(S26=$H26,IF(Q26=$F26,IF(R26=$G26,IF($F26-$G26>=3,6,IF($G26-$F26>=3,6,IF($F26+$G26>=4,6,5))),3),3),0) -> 0 | W26: =IF(U26>V26,"1",IF(U26<V26,"2","X")) -> X | X26: =IF(W26=$H26,IF(U26=$F26,IF(V26=$G26,IF($F26-$G26>=3,6,IF($G26-$F26>=3,6,IF($F26+$G26>=4,6,5))),3),3),0) -> 0 | AA26: =IF(Y26>Z26,"1",IF(Y26<Z26,"2","X")) -> X | AB26: =IF(AA26=$H26,IF(Y26=$F26,IF(Z26=$G26,IF($F26-$G26>=3,6,IF($G26-$F26>=3,6,IF($F26+$G26>=4,6,5))),3),3),0) -> 0 | AE26: =IF(AC26>AD26,"1",IF(AC26<AD26,"2","X")) -> X | AF26: =IF(AE26=$H26,IF(AC26=$F26,IF(AD26=$G26,IF($F26-$G26>=3,6,IF($G26-$F26>=3,6,IF($F26+$G26>=4,6,5))),3),3),0) -> 0 | AI26: =IF(AG26>AH26,"1",IF(AG26<AH26,"2","X")) -> X | AJ26: =IF(AI26=$H26,IF(AG26=$F26,IF(AH26=$G26,IF($F26-$G26>=3,6,IF($G26-$F26>=3,6,IF($F26+$G26>=4,6,5))),3),3),0) -> 0 | AM26: =IF(AK26>AL26,"1",IF(AK26<AL26,"2","X")) -> X | AN26: =IF(AM26=$H26,IF(AK26=$F26,IF(AL26=$G26,IF($F26-$G26>=3,6,IF($G26-$F26>=3,6,IF($F26+$G26>=4,6,5))),3),3),0) -> 0 | AQ26: =IF(AO26>AP26,"1",IF(AO26<AP26,"2","X")) -> X | AR26: =IF(AQ26=$H26,IF(AO26=$F26,IF(AP26=$G26,IF($F26-$G26>=3,6,IF($G26-$F26>=3,6,IF($F26+$G26>=4,6,5))),3),3),0) -> 0 | AU26: =IF(AS26>AT26,"1",IF(AS26<AT26,"2","X")) -> X | AV26: =IF(AU26=$H26,IF(AS26=$F26,IF(AT26=$G26,IF($F26-$G26>=3,6,IF($G26-$F26>=3,6,IF($F26+$G26>=4,6,5))),3),3),0) -> 0 | AY26: =IF(AW26>AX26,"1",IF(AW26<AX26,"2","X")) -> X | AZ26: =IF(AY26=$H26,IF(AW26=$F26,IF(AX26=$G26,IF($F26-$G26>=3,6,IF($G26-$F26>=3,6,IF($F26+$G26>=4,6,5))),3),3),0) -> 0 | BC26: =IF(BA26>BB26,"1",IF(BA26<BB26,"2","X")) -> X | BD26: =IF(BC26=$H26,IF(BA26=$F26,IF(BB26=$G26,IF($F26-$G26>=3,6,IF($G26-$F26>=3,6,IF($F26+$G26>=4,6,5))),3),3),0) -> 0 | BG26: =IF(BE26>BF26,"1",IF(BE26<BF26,"2","X")) -> X | BH26: =IF(BG26=$H26,IF(BE26=$F26,IF(BF26=$G26,IF($F26-$G26>=3,6,IF($G26-$F26>=3,6,IF($F26+$G26>=4,6,5))),3),3),0) -> 0 | BK26: =IF(BI26>BJ26,"1",IF(BI26<BJ26,"2","X")) -> X | BL26: =IF(BK26=$H26,IF(BI26=$F26,IF(BJ26=$G26,IF($F26-$G26>=3,6,IF($G26-$F26>=3,6,IF($F26+$G26>=4,6,5))),3),3),0) -> 0 | BO26: =IF(BM26>BN26,"1",IF(BM26<BN26,"2","X")) -> X | BP26: =IF(BO26=$H26,IF(BM26=$F26,IF(BN26=$G26,IF($F26-$G26>=3,6,IF($G26-$F26>=3,6,IF($F26+$G26>=4,6,5))),3),3),0) -> 0 | BS26: =IF(BQ26>BR26,"1",IF(BQ26<BR26,"2","X")) -> X | BT26: =IF(BS26=$H26,IF(BQ26=$F26,IF(BR26=$G26,IF($F26-$G26>=3,6,IF($G26-$F26>=3,6,IF($F26+$G26>=4,6,5))),3),3),0) -> 0 | BW26: =IF(BU26>BV26,"1",IF(BU26<BV26,"2","X")) -> X | BX26: =IF(BW26=$H26,IF(BU26=$F26,IF(BV26=$G26,IF($F26-$G26>=3,6,IF($G26-$F26>=3,6,IF($F26+$G26>=4,6,5))),3),3),0) -> 0 | CA26: =IF(BY26>BZ26,"1",IF(BY26<BZ26,"2","X")) -> X | CB26: =IF(CA26=$H26,IF(BY26=$F26,IF(BZ26=$G26,IF($F26-$G26>=3,6,IF($G26-$F26>=3,6,IF($F26+$G26>=4,6,5))),3),3),0) -> 0 | CE26: =IF(CC26>CD26,"1",IF(CC26<CD26,"2","X")) -> X | CF26: =IF(CE26=$H26,IF(CC26=$F26,IF(CD26=$G26,IF($F26-$G26>=3,6,IF($G26-$F26>=3,6,IF($F26+$G26>=4,6,5))),3),3),0) -> 0 | CI26: =IF(CG26>CH26,"1",IF(CG26<CH26,"2","X")) -> X | CJ26: =IF(CI26=$H26,IF(CG26=$F26,IF(CH26=$G26,IF($F26-$G26>=3,6,IF($G26-$F26>=3,6,IF($F26+$G26>=4,6,5))),3),3),0) -> 0 | CM26: =IF(CK26>CL26,"1",IF(CK26<CL26,"2","X")) -> X | CN26: =IF(CM26=$H26,IF(CK26=$F26,IF(CL26=$G26,IF($F26-$G26>=3,6,IF($G26-$F26>=3,6,IF($F26+$G26>=4,6,5))),3),3),0) -> 0 | CQ26: =IF(CO26>CP26,"1",IF(CO26<CP26,"2","X")) -> X | CR26: =IF(CQ26=$H26,IF(CO26=$F26,IF(CP26=$G26,IF($F26-$G26>=3,6,IF($G26-$F26>=3,6,IF($F26+$G26>=4,6,5))),3),3),0) -> 0 | CU26: =IF(CS26>CT26,"1",IF(CS26<CT26,"2","X")) -> X | CV26: =IF(CU26=$H26,IF(CS26=$F26,IF(CT26=$G26,IF($F26-$G26>=3,6,IF($G26-$F26>=3,6,IF($F26+$G26>=4,6,5))),3),3),0) -> 0 | CY26: =IF(CW26>CX26,"1",IF(CW26<CX26,"2","X")) -> X | CZ26: =IF(CY26=$H26,IF(CW26=$F26,IF(CX26=$G26,IF($F26-$G26>=3,6,IF($G26-$F26>=3,6,IF($F26+$G26>=4,6,5))),3),3),0) -> 0 | DC26: =IF(DA26>DB26,"1",IF(DA26<DB26,"2","X")) -> X | DD26: =IF(DC26=$H26,IF(DA26=$F26,IF(DB26=$G26,IF($F26-$G26>=3,6,IF($G26-$F26>=3,6,IF($F26+$G26>=4,6,5))),3),3),0) -> 0 | DG26: =IF(DE26>DF26,"1",IF(DE26<DF26,"2","X")) -> X | DH26: =IF(DG26=$H26,IF(DE26=$F26,IF(DF26=$G26,IF($F26-$G26>=3,6,IF($G26-$F26>=3,6,IF($F26+$G26>=4,6,5))),3),3),0) -> 0 | DK26: =IF(DI26>DJ26,"1",IF(DI26<DJ26,"2","X")) -> X | DL26: =IF(DK26=$H26,IF(DI26=$F26,IF(DJ26=$G26,IF($F26-$G26>=3,6,IF($G26-$F26>=3,6,IF($F26+$G26>=4,6,5))),3),3),0) -> 0 | DO26: =IF(DM26>DN26,"1",IF(DM26<DN26,"2","X")) -> X | DP26: =IF(DO26=$H26,IF(DM26=$F26,IF(DN26=$G26,IF($F26-$G26>=3,6,IF($G26-$F26>=3,6,IF($F26+$G26>=4,6,5))),3),3),0) -> 0
A27: 44737 | B27: 06:00 | C27: Paraguay | D27: Australia | E27: =L27+P27+T27+X27+AB27+AF27+AJ27+AN27+AR27+AV27+AZ27+BD27+BH27+BL27+BP27+BT27+BX27+CB27+CF27+CJ27+CN27+CR27+CV27+CZ27+DD27+DH27+DL27 -> 0 | H27: =IF(ISNUMBER(F27),IF(F27>G27,"1",IF(F27<G27,"2","X"))) -> FALSE | K27: =IF(I27>J27,"1",IF(I27<J27,"2","X")) -> X | L27: =IF(K27=$H27,IF(I27=$F27,IF(J27=$G27,IF($F27-$G27>=3,6,IF($G27-$F27>=3,6,IF($F27+$G27>=4,6,5))),3),3),0) -> 0 | O27: =IF(M27>N27,"1",IF(M27<N27,"2","X")) -> X | P27: =IF(O27=$H27,IF(M27=$F27,IF(N27=$G27,IF($F27-$G27>=3,6,IF($G27-$F27>=3,6,IF($F27+$G27>=4,6,5))),3),3),0) -> 0 | S27: =IF(Q27>R27,"1",IF(Q27<R27,"2","X")) -> X | T27: =IF(S27=$H27,IF(Q27=$F27,IF(R27=$G27,IF($F27-$G27>=3,6,IF($G27-$F27>=3,6,IF($F27+$G27>=4,6,5))),3),3),0) -> 0 | W27: =IF(U27>V27,"1",IF(U27<V27,"2","X")) -> X | X27: =IF(W27=$H27,IF(U27=$F27,IF(V27=$G27,IF($F27-$G27>=3,6,IF($G27-$F27>=3,6,IF($F27+$G27>=4,6,5))),3),3),0) -> 0 | AA27: =IF(Y27>Z27,"1",IF(Y27<Z27,"2","X")) -> X | AB27: =IF(AA27=$H27,IF(Y27=$F27,IF(Z27=$G27,IF($F27-$G27>=3,6,IF($G27-$F27>=3,6,IF($F27+$G27>=4,6,5))),3),3),0) -> 0 | AE27: =IF(AC27>AD27,"1",IF(AC27<AD27,"2","X")) -> X | AF27: =IF(AE27=$H27,IF(AC27=$F27,IF(AD27=$G27,IF($F27-$G27>=3,6,IF($G27-$F27>=3,6,IF($F27+$G27>=4,6,5))),3),3),0) -> 0 | AI27: =IF(AG27>AH27,"1",IF(AG27<AH27,"2","X")) -> X | AJ27: =IF(AI27=$H27,IF(AG27=$F27,IF(AH27=$G27,IF($F27-$G27>=3,6,IF($G27-$F27>=3,6,IF($F27+$G27>=4,6,5))),3),3),0) -> 0 | AM27: =IF(AK27>AL27,"1",IF(AK27<AL27,"2","X")) -> X | AN27: =IF(AM27=$H27,IF(AK27=$F27,IF(AL27=$G27,IF($F27-$G27>=3,6,IF($G27-$F27>=3,6,IF($F27+$G27>=4,6,5))),3),3),0) -> 0 | AQ27: =IF(AO27>AP27,"1",IF(AO27<AP27,"2","X")) -> X | AR27: =IF(AQ27=$H27,IF(AO27=$F27,IF(AP27=$G27,IF($F27-$G27>=3,6,IF($G27-$F27>=3,6,IF($F27+$G27>=4,6,5))),3),3),0) -> 0 | AU27: =IF(AS27>AT27,"1",IF(AS27<AT27,"2","X")) -> X | AV27: =IF(AU27=$H27,IF(AS27=$F27,IF(AT27=$G27,IF($F27-$G27>=3,6,IF($G27-$F27>=3,6,IF($F27+$G27>=4,6,5))),3),3),0) -> 0 | AY27: =IF(AW27>AX27,"1",IF(AW27<AX27,"2","X")) -> X | AZ27: =IF(AY27=$H27,IF(AW27=$F27,IF(AX27=$G27,IF($F27-$G27>=3,6,IF($G27-$F27>=3,6,IF($F27+$G27>=4,6,5))),3),3),0) -> 0 | BC27: =IF(BA27>BB27,"1",IF(BA27<BB27,"2","X")) -> X | BD27: =IF(BC27=$H27,IF(BA27=$F27,IF(BB27=$G27,IF($F27-$G27>=3,6,IF($G27-$F27>=3,6,IF($F27+$G27>=4,6,5))),3),3),0) -> 0 | BG27: =IF(BE27>BF27,"1",IF(BE27<BF27,"2","X")) -> X | BH27: =IF(BG27=$H27,IF(BE27=$F27,IF(BF27=$G27,IF($F27-$G27>=3,6,IF($G27-$F27>=3,6,IF($F27+$G27>=4,6,5))),3),3),0) -> 0 | BK27: =IF(BI27>BJ27,"1",IF(BI27<BJ27,"2","X")) -> X | BL27: =IF(BK27=$H27,IF(BI27=$F27,IF(BJ27=$G27,IF($F27-$G27>=3,6,IF($G27-$F27>=3,6,IF($F27+$G27>=4,6,5))),3),3),0) -> 0 | BO27: =IF(BM27>BN27,"1",IF(BM27<BN27,"2","X")) -> X | BP27: =IF(BO27=$H27,IF(BM27=$F27,IF(BN27=$G27,IF($F27-$G27>=3,6,IF($G27-$F27>=3,6,IF($F27+$G27>=4,6,5))),3),3),0) -> 0 | BS27: =IF(BQ27>BR27,"1",IF(BQ27<BR27,"2","X")) -> X | BT27: =IF(BS27=$H27,IF(BQ27=$F27,IF(BR27=$G27,IF($F27-$G27>=3,6,IF($G27-$F27>=3,6,IF($F27+$G27>=4,6,5))),3),3),0) -> 0 | BW27: =IF(BU27>BV27,"1",IF(BU27<BV27,"2","X")) -> X | BX27: =IF(BW27=$H27,IF(BU27=$F27,IF(BV27=$G27,IF($F27-$G27>=3,6,IF($G27-$F27>=3,6,IF($F27+$G27>=4,6,5))),3),3),0) -> 0 | CA27: =IF(BY27>BZ27,"1",IF(BY27<BZ27,"2","X")) -> X | CB27: =IF(CA27=$H27,IF(BY27=$F27,IF(BZ27=$G27,IF($F27-$G27>=3,6,IF($G27-$F27>=3,6,IF($F27+$G27>=4,6,5))),3),3),0) -> 0 | CE27: =IF(CC27>CD27,"1",IF(CC27<CD27,"2","X")) -> X | CF27: =IF(CE27=$H27,IF(CC27=$F27,IF(CD27=$G27,IF($F27-$G27>=3,6,IF($G27-$F27>=3,6,IF($F27+$G27>=4,6,5))),3),3),0) -> 0 | CI27: =IF(CG27>CH27,"1",IF(CG27<CH27,"2","X")) -> X | CJ27: =IF(CI27=$H27,IF(CG27=$F27,IF(CH27=$G27,IF($F27-$G27>=3,6,IF($G27-$F27>=3,6,IF($F27+$G27>=4,6,5))),3),3),0) -> 0 | CM27: =IF(CK27>CL27,"1",IF(CK27<CL27,"2","X")) -> X | CN27: =IF(CM27=$H27,IF(CK27=$F27,IF(CL27=$G27,IF($F27-$G27>=3,6,IF($G27-$F27>=3,6,IF($F27+$G27>=4,6,5))),3),3),0) -> 0 | CQ27: =IF(CO27>CP27,"1",IF(CO27<CP27,"2","X")) -> X | CR27: =IF(CQ27=$H27,IF(CO27=$F27,IF(CP27=$G27,IF($F27-$G27>=3,6,IF($G27-$F27>=3,6,IF($F27+$G27>=4,6,5))),3),3),0) -> 0 | CU27: =IF(CS27>CT27,"1",IF(CS27<CT27,"2","X")) -> X | CV27: =IF(CU27=$H27,IF(CS27=$F27,IF(CT27=$G27,IF($F27-$G27>=3,6,IF($G27-$F27>=3,6,IF($F27+$G27>=4,6,5))),3),3),0) -> 0 | CY27: =IF(CW27>CX27,"1",IF(CW27<CX27,"2","X")) -> X | CZ27: =IF(CY27=$H27,IF(CW27=$F27,IF(CX27=$G27,IF($F27-$G27>=3,6,IF($G27-$F27>=3,6,IF($F27+$G27>=4,6,5))),3),3),0) -> 0 | DC27: =IF(DA27>DB27,"1",IF(DA27<DB27,"2","X")) -> X | DD27: =IF(DC27=$H27,IF(DA27=$F27,IF(DB27=$G27,IF($F27-$G27>=3,6,IF($G27-$F27>=3,6,IF($F27+$G27>=4,6,5))),3),3),0) -> 0 | DG27: =IF(DE27>DF27,"1",IF(DE27<DF27,"2","X")) -> X | DH27: =IF(DG27=$H27,IF(DE27=$F27,IF(DF27=$G27,IF($F27-$G27>=3,6,IF($G27-$F27>=3,6,IF($F27+$G27>=4,6,5))),3),3),0) -> 0 | DK27: =IF(DI27>DJ27,"1",IF(DI27<DJ27,"2","X")) -> X | DL27: =IF(DK27=$H27,IF(DI27=$F27,IF(DJ27=$G27,IF($F27-$G27>=3,6,IF($G27-$F27>=3,6,IF($F27+$G27>=4,6,5))),3),3),0) -> 0 | DO27: =IF(DM27>DN27,"1",IF(DM27<DN27,"2","X")) -> X | DP27: =IF(DO27=$H27,IF(DM27=$F27,IF(DN27=$G27,IF($F27-$G27>=3,6,IF($G27-$F27>=3,6,IF($F27+$G27>=4,6,5))),3),3),0) -> 0
A28: 44725 | B28: 21:00 | C28: Germany | D28: Curaçao | E28: =L28+P28+T28+X28+AB28+AF28+AJ28+AN28+AR28+AV28+AZ28+BD28+BH28+BL28+BP28+BT28+BX28+CB28+CF28+CJ28+CN28+CR28+CV28+CZ28+DD28+DH28+DL28 -> 0 | H28: =IF(ISNUMBER(F28),IF(F28>G28,"1",IF(F28<G28,"2","X"))) -> FALSE | I28: 4 | J28: 0 | K28: =IF(I28>J28,"1",IF(I28<J28,"2","X")) -> 1 | L28: =IF(K28=$H28,IF(I28=$F28,IF(J28=$G28,IF($F28-$G28>=3,6,IF($G28-$F28>=3,6,IF($F28+$G28>=4,6,5))),3),3),0) -> 0 | M28: 3 | N28: 0 | O28: =IF(M28>N28,"1",IF(M28<N28,"2","X")) -> 1 | P28: =IF(O28=$H28,IF(M28=$F28,IF(N28=$G28,IF($F28-$G28>=3,6,IF($G28-$F28>=3,6,IF($F28+$G28>=4,6,5))),3),3),0) -> 0 | Q28: 5 | R28: 0 | S28: =IF(Q28>R28,"1",IF(Q28<R28,"2","X")) -> 1 | T28: =IF(S28=$H28,IF(Q28=$F28,IF(R28=$G28,IF($F28-$G28>=3,6,IF($G28-$F28>=3,6,IF($F28+$G28>=4,6,5))),3),3),0) -> 0 | U28: 4 | V28: 0 | W28: =IF(U28>V28,"1",IF(U28<V28,"2","X")) -> 1 | X28: =IF(W28=$H28,IF(U28=$F28,IF(V28=$G28,IF($F28-$G28>=3,6,IF($G28-$F28>=3,6,IF($F28+$G28>=4,6,5))),3),3),0) -> 0 | Y28: 7 | Z28: 0 | AA28: =IF(Y28>Z28,"1",IF(Y28<Z28,"2","X")) -> 1 | AB28: =IF(AA28=$H28,IF(Y28=$F28,IF(Z28=$G28,IF($F28-$G28>=3,6,IF($G28-$F28>=3,6,IF($F28+$G28>=4,6,5))),3),3),0) -> 0 | AC28: 3 | AD28: 0 | AE28: =IF(AC28>AD28,"1",IF(AC28<AD28,"2","X")) -> 1 | AF28: =IF(AE28=$H28,IF(AC28=$F28,IF(AD28=$G28,IF($F28-$G28>=3,6,IF($G28-$F28>=3,6,IF($F28+$G28>=4,6,5))),3),3),0) -> 0 | AG28: 5 | AH28: 0 | AI28: =IF(AG28>AH28,"1",IF(AG28<AH28,"2","X")) -> 1 | AJ28: =IF(AI28=$H28,IF(AG28=$F28,IF(AH28=$G28,IF($F28-$G28>=3,6,IF($G28-$F28>=3,6,IF($F28+$G28>=4,6,5))),3),3),0) -> 0 | AK28: 8 | AL28: 0 | AM28: =IF(AK28>AL28,"1",IF(AK28<AL28,"2","X")) -> 1 | AN28: =IF(AM28=$H28,IF(AK28=$F28,IF(AL28=$G28,IF($F28-$G28>=3,6,IF($G28-$F28>=3,6,IF($F28+$G28>=4,6,5))),3),3),0) -> 0 | AO28: 7 | AP28: 0 | AQ28: =IF(AO28>AP28,"1",IF(AO28<AP28,"2","X")) -> 1 | AR28: =IF(AQ28=$H28,IF(AO28=$F28,IF(AP28=$G28,IF($F28-$G28>=3,6,IF($G28-$F28>=3,6,IF($F28+$G28>=4,6,5))),3),3),0) -> 0 | AS28: 5 | AT28: 0 | AU28: =IF(AS28>AT28,"1",IF(AS28<AT28,"2","X")) -> 1 | AV28: =IF(AU28=$H28,IF(AS28=$F28,IF(AT28=$G28,IF($F28-$G28>=3,6,IF($G28-$F28>=3,6,IF($F28+$G28>=4,6,5))),3),3),0) -> 0 | AW28: 4 | AX28: 0 | AY28: =IF(AW28>AX28,"1",IF(AW28<AX28,"2","X")) -> 1 | AZ28: =IF(AY28=$H28,IF(AW28=$F28,IF(AX28=$G28,IF($F28-$G28>=3,6,IF($G28-$F28>=3,6,IF($F28+$G28>=4,6,5))),3),3),0) -> 0 | BA28: 3 | BB28: 0 | BC28: =IF(BA28>BB28,"1",IF(BA28<BB28,"2","X")) -> 1 | BD28: =IF(BC28=$H28,IF(BA28=$F28,IF(BB28=$G28,IF($F28-$G28>=3,6,IF($G28-$F28>=3,6,IF($F28+$G28>=4,6,5))),3),3),0) -> 0 | BE28: 5 | BF28: 0 | BG28: =IF(BE28>BF28,"1",IF(BE28<BF28,"2","X")) -> 1 | BH28: =IF(BG28=$H28,IF(BE28=$F28,IF(BF28=$G28,IF($F28-$G28>=3,6,IF($G28-$F28>=3,6,IF($F28+$G28>=4,6,5))),3),3),0) -> 0 | BI28: 3 | BJ28: 0 | BK28: =IF(BI28>BJ28,"1",IF(BI28<BJ28,"2","X")) -> 1 | BL28: =IF(BK28=$H28,IF(BI28=$F28,IF(BJ28=$G28,IF($F28-$G28>=3,6,IF($G28-$F28>=3,6,IF($F28+$G28>=4,6,5))),3),3),0) -> 0 | BM28: 4 | BN28: 0 | BO28: =IF(BM28>BN28,"1",IF(BM28<BN28,"2","X")) -> 1 | BP28: =IF(BO28=$H28,IF(BM28=$F28,IF(BN28=$G28,IF($F28-$G28>=3,6,IF($G28-$F28>=3,6,IF($F28+$G28>=4,6,5))),3),3),0) -> 0 | BQ28: 4 | BR28: 0 | BS28: =IF(BQ28>BR28,"1",IF(BQ28<BR28,"2","X")) -> 1 | BT28: =IF(BS28=$H28,IF(BQ28=$F28,IF(BR28=$G28,IF($F28-$G28>=3,6,IF($G28-$F28>=3,6,IF($F28+$G28>=4,6,5))),3),3),0) -> 0 | BU28: 4 | BV28: 0 | BW28: =IF(BU28>BV28,"1",IF(BU28<BV28,"2","X")) -> 1 | BX28: =IF(BW28=$H28,IF(BU28=$F28,IF(BV28=$G28,IF($F28-$G28>=3,6,IF($G28-$F28>=3,6,IF($F28+$G28>=4,6,5))),3),3),0) -> 0 | BY28: 5 | BZ28: 0 | CA28: =IF(BY28>BZ28,"1",IF(BY28<BZ28,"2","X")) -> 1 | CB28: =IF(CA28=$H28,IF(BY28=$F28,IF(BZ28=$G28,IF($F28-$G28>=3,6,IF($G28-$F28>=3,6,IF($F28+$G28>=4,6,5))),3),3),0) -> 0 | CC28: 3 | CD28: 0 | CE28: =IF(CC28>CD28,"1",IF(CC28<CD28,"2","X")) -> 1 | CF28: =IF(CE28=$H28,IF(CC28=$F28,IF(CD28=$G28,IF($F28-$G28>=3,6,IF($G28-$F28>=3,6,IF($F28+$G28>=4,6,5))),3),3),0) -> 0 | CG28: 4 | CH28: 0 | CI28: =IF(CG28>CH28,"1",IF(CG28<CH28,"2","X")) -> 1 | CJ28: =IF(CI28=$H28,IF(CG28=$F28,IF(CH28=$G28,IF($F28-$G28>=3,6,IF($G28-$F28>=3,6,IF($F28+$G28>=4,6,5))),3),3),0) -> 0 | CK28: 6 | CL28: 0 | CM28: =IF(CK28>CL28,"1",IF(CK28<CL28,"2","X")) -> 1 | CN28: =IF(CM28=$H28,IF(CK28=$F28,IF(CL28=$G28,IF($F28-$G28>=3,6,IF($G28-$F28>=3,6,IF($F28+$G28>=4,6,5))),3),3),0) -> 0 | CO28: 3 | CP28: 0 | CQ28: =IF(CO28>CP28,"1",IF(CO28<CP28,"2","X")) -> 1 | CR28: =IF(CQ28=$H28,IF(CO28=$F28,IF(CP28=$G28,IF($F28-$G28>=3,6,IF($G28-$F28>=3,6,IF($F28+$G28>=4,6,5))),3),3),0) -> 0 | CS28: 4 | CT28: 0 | CU28: =IF(CS28>CT28,"1",IF(CS28<CT28,"2","X")) -> 1 | CV28: =IF(CU28=$H28,IF(CS28=$F28,IF(CT28=$G28,IF($F28-$G28>=3,6,IF($G28-$F28>=3,6,IF($F28+$G28>=4,6,5))),3),3),0) -> 0 | CW28: 3 | CX28: 0 | CY28: =IF(CW28>CX28,"1",IF(CW28<CX28,"2","X")) -> 1 | CZ28: =IF(CY28=$H28,IF(CW28=$F28,IF(CX28=$G28,IF($F28-$G28>=3,6,IF($G28-$F28>=3,6,IF($F28+$G28>=4,6,5))),3),3),0) -> 0 | DA28: 3 | DB28: 0 | DC28: =IF(DA28>DB28,"1",IF(DA28<DB28,"2","X")) -> 1 | DD28: =IF(DC28=$H28,IF(DA28=$F28,IF(DB28=$G28,IF($F28-$G28>=3,6,IF($G28-$F28>=3,6,IF($F28+$G28>=4,6,5))),3),3),0) -> 0 | DE28: 6 | DF28: 0 | DG28: =IF(DE28>DF28,"1",IF(DE28<DF28,"2","X")) -> 1 | DH28: =IF(DG28=$H28,IF(DE28=$F28,IF(DF28=$G28,IF($F28-$G28>=3,6,IF($G28-$F28>=3,6,IF($F28+$G28>=4,6,5))),3),3),0) -> 0 | DI28: 5 | DJ28: 0 | DK28: =IF(DI28>DJ28,"1",IF(DI28<DJ28,"2","X")) -> 1 | DL28: =IF(DK28=$H28,IF(DI28=$F28,IF(DJ28=$G28,IF($F28-$G28>=3,6,IF($G28-$F28>=3,6,IF($F28+$G28>=4,6,5))),3),3),0) -> 0 | DM28: 6 | DN28: 0 | DO28: =IF(DM28>DN28,"1",IF(DM28<DN28,"2","X")) -> 1 | DP28: =IF(DO28=$H28,IF(DM28=$F28,IF(DN28=$G28,IF($F28-$G28>=3,6,IF($G28-$F28>=3,6,IF($F28+$G28>=4,6,5))),3),3),0) -> 0
A29: 44726 | B29: 03:00 | C29: Ivory Coast | D29: Ecuador | E29: =L29+P29+T29+X29+AB29+AF29+AJ29+AN29+AR29+AV29+AZ29+BD29+BH29+BL29+BP29+BT29+BX29+CB29+CF29+CJ29+CN29+CR29+CV29+CZ29+DD29+DH29+DL29 -> 0 | H29: =IF(ISNUMBER(F29),IF(F29>G29,"1",IF(F29<G29,"2","X"))) -> FALSE | I29: 2 | J29: 1 | K29: =IF(I29>J29,"1",IF(I29<J29,"2","X")) -> 1 | L29: =IF(K29=$H29,IF(I29=$F29,IF(J29=$G29,IF($F29-$G29>=3,6,IF($G29-$F29>=3,6,IF($F29+$G29>=4,6,5))),3),3),0) -> 0 | M29: 1 | N29: 1 | O29: =IF(M29>N29,"1",IF(M29<N29,"2","X")) -> X | P29: =IF(O29=$H29,IF(M29=$F29,IF(N29=$G29,IF($F29-$G29>=3,6,IF($G29-$F29>=3,6,IF($F29+$G29>=4,6,5))),3),3),0) -> 0 | Q29: 1 | R29: 1 | S29: =IF(Q29>R29,"1",IF(Q29<R29,"2","X")) -> X | T29: =IF(S29=$H29,IF(Q29=$F29,IF(R29=$G29,IF($F29-$G29>=3,6,IF($G29-$F29>=3,6,IF($F29+$G29>=4,6,5))),3),3),0) -> 0 | U29: 1 | V29: 1 | W29: =IF(U29>V29,"1",IF(U29<V29,"2","X")) -> X | X29: =IF(W29=$H29,IF(U29=$F29,IF(V29=$G29,IF($F29-$G29>=3,6,IF($G29-$F29>=3,6,IF($F29+$G29>=4,6,5))),3),3),0) -> 0 | Y29: 3 | Z29: 2 | AA29: =IF(Y29>Z29,"1",IF(Y29<Z29,"2","X")) -> 1 | AB29: =IF(AA29=$H29,IF(Y29=$F29,IF(Z29=$G29,IF($F29-$G29>=3,6,IF($G29-$F29>=3,6,IF($F29+$G29>=4,6,5))),3),3),0) -> 0 | AC29: 2 | AD29: 1 | AE29: =IF(AC29>AD29,"1",IF(AC29<AD29,"2","X")) -> 1 | AF29: =IF(AE29=$H29,IF(AC29=$F29,IF(AD29=$G29,IF($F29-$G29>=3,6,IF($G29-$F29>=3,6,IF($F29+$G29>=4,6,5))),3),3),0) -> 0 | AG29: 1 | AH29: 1 | AI29: =IF(AG29>AH29,"1",IF(AG29<AH29,"2","X")) -> X | AJ29: =IF(AI29=$H29,IF(AG29=$F29,IF(AH29=$G29,IF($F29-$G29>=3,6,IF($G29-$F29>=3,6,IF($F29+$G29>=4,6,5))),3),3),0) -> 0 | AK29: 2 | AL29: 2 | AM29: =IF(AK29>AL29,"1",IF(AK29<AL29,"2","X")) -> X | AN29: =IF(AM29=$H29,IF(AK29=$F29,IF(AL29=$G29,IF($F29-$G29>=3,6,IF($G29-$F29>=3,6,IF($F29+$G29>=4,6,5))),3),3),0) -> 0 | AO29: 0 | AP29: 1 | AQ29: =IF(AO29>AP29,"1",IF(AO29<AP29,"2","X")) -> 2 | AR29: =IF(AQ29=$H29,IF(AO29=$F29,IF(AP29=$G29,IF($F29-$G29>=3,6,IF($G29-$F29>=3,6,IF($F29+$G29>=4,6,5))),3),3),0) -> 0 | AS29: 0 | AT29: 0 | AU29: =IF(AS29>AT29,"1",IF(AS29<AT29,"2","X")) -> X | AV29: =IF(AU29=$H29,IF(AS29=$F29,IF(AT29=$G29,IF($F29-$G29>=3,6,IF($G29-$F29>=3,6,IF($F29+$G29>=4,6,5))),3),3),0) -> 0 | AW29: 2 | AX29: 2 | AY29: =IF(AW29>AX29,"1",IF(AW29<AX29,"2","X")) -> X | AZ29: =IF(AY29=$H29,IF(AW29=$F29,IF(AX29=$G29,IF($F29-$G29>=3,6,IF($G29-$F29>=3,6,IF($F29+$G29>=4,6,5))),3),3),0) -> 0 | BA29: 1 | BB29: 1 | BC29: =IF(BA29>BB29,"1",IF(BA29<BB29,"2","X")) -> X | BD29: =IF(BC29=$H29,IF(BA29=$F29,IF(BB29=$G29,IF($F29-$G29>=3,6,IF($G29-$F29>=3,6,IF($F29+$G29>=4,6,5))),3),3),0) -> 0 | BE29: 2 | BF29: 2 | BG29: =IF(BE29>BF29,"1",IF(BE29<BF29,"2","X")) -> X | BH29: =IF(BG29=$H29,IF(BE29=$F29,IF(BF29=$G29,IF($F29-$G29>=3,6,IF($G29-$F29>=3,6,IF($F29+$G29>=4,6,5))),3),3),0) -> 0 | BI29: 2 | BJ29: 1 | BK29: =IF(BI29>BJ29,"1",IF(BI29<BJ29,"2","X")) -> 1 | BL29: =IF(BK29=$H29,IF(BI29=$F29,IF(BJ29=$G29,IF($F29-$G29>=3,6,IF($G29-$F29>=3,6,IF($F29+$G29>=4,6,5))),3),3),0) -> 0 | BM29: 1 | BN29: 1 | BO29: =IF(BM29>BN29,"1",IF(BM29<BN29,"2","X")) -> X | BP29: =IF(BO29=$H29,IF(BM29=$F29,IF(BN29=$G29,IF($F29-$G29>=3,6,IF($G29-$F29>=3,6,IF($F29+$G29>=4,6,5))),3),3),0) -> 0 | BQ29: 1 | BR29: 2 | BS29: =IF(BQ29>BR29,"1",IF(BQ29<BR29,"2","X")) -> 2 | BT29: =IF(BS29=$H29,IF(BQ29=$F29,IF(BR29=$G29,IF($F29-$G29>=3,6,IF($G29-$F29>=3,6,IF($F29+$G29>=4,6,5))),3),3),0) -> 0 | BU29: 2 | BV29: 2 | BW29: =IF(BU29>BV29,"1",IF(BU29<BV29,"2","X")) -> X | BX29: =IF(BW29=$H29,IF(BU29=$F29,IF(BV29=$G29,IF($F29-$G29>=3,6,IF($G29-$F29>=3,6,IF($F29+$G29>=4,6,5))),3),3),0) -> 0 | BY29: 0 | BZ29: 1 | CA29: =IF(BY29>BZ29,"1",IF(BY29<BZ29,"2","X")) -> 2 | CB29: =IF(CA29=$H29,IF(BY29=$F29,IF(BZ29=$G29,IF($F29-$G29>=3,6,IF($G29-$F29>=3,6,IF($F29+$G29>=4,6,5))),3),3),0) -> 0 | CC29: 2 | CD29: 1 | CE29: =IF(CC29>CD29,"1",IF(CC29<CD29,"2","X")) -> 1 | CF29: =IF(CE29=$H29,IF(CC29=$F29,IF(CD29=$G29,IF($F29-$G29>=3,6,IF($G29-$F29>=3,6,IF($F29+$G29>=4,6,5))),3),3),0) -> 0 | CG29: 1 | CH29: 1 | CI29: =IF(CG29>CH29,"1",IF(CG29<CH29,"2","X")) -> X | CJ29: =IF(CI29=$H29,IF(CG29=$F29,IF(CH29=$G29,IF($F29-$G29>=3,6,IF($G29-$F29>=3,6,IF($F29+$G29>=4,6,5))),3),3),0) -> 0 | CK29: 2 | CL29: 1 | CM29: =IF(CK29>CL29,"1",IF(CK29<CL29,"2","X")) -> 1 | CN29: =IF(CM29=$H29,IF(CK29=$F29,IF(CL29=$G29,IF($F29-$G29>=3,6,IF($G29-$F29>=3,6,IF($F29+$G29>=4,6,5))),3),3),0) -> 0 | CO29: 0 | CP29: 1 | CQ29: =IF(CO29>CP29,"1",IF(CO29<CP29,"2","X")) -> 2 | CR29: =IF(CQ29=$H29,IF(CO29=$F29,IF(CP29=$G29,IF($F29-$G29>=3,6,IF($G29-$F29>=3,6,IF($F29+$G29>=4,6,5))),3),3),0) -> 0 | CS29: 1 | CT29: 1 | CU29: =IF(CS29>CT29,"1",IF(CS29<CT29,"2","X")) -> X | CV29: =IF(CU29=$H29,IF(CS29=$F29,IF(CT29=$G29,IF($F29-$G29>=3,6,IF($G29-$F29>=3,6,IF($F29+$G29>=4,6,5))),3),3),0) -> 0 | CW29: 0 | CX29: 1 | CY29: =IF(CW29>CX29,"1",IF(CW29<CX29,"2","X")) -> 2 | CZ29: =IF(CY29=$H29,IF(CW29=$F29,IF(CX29=$G29,IF($F29-$G29>=3,6,IF($G29-$F29>=3,6,IF($F29+$G29>=4,6,5))),3),3),0) -> 0 | DA29: 1 | DB29: 1 | DC29: =IF(DA29>DB29,"1",IF(DA29<DB29,"2","X")) -> X | DD29: =IF(DC29=$H29,IF(DA29=$F29,IF(DB29=$G29,IF($F29-$G29>=3,6,IF($G29-$F29>=3,6,IF($F29+$G29>=4,6,5))),3),3),0) -> 0 | DE29: 1 | DF29: 2 | DG29: =IF(DE29>DF29,"1",IF(DE29<DF29,"2","X")) -> 2 | DH29: =IF(DG29=$H29,IF(DE29=$F29,IF(DF29=$G29,IF($F29-$G29>=3,6,IF($G29-$F29>=3,6,IF($F29+$G29>=4,6,5))),3),3),0) -> 0 | DI29: 2 | DJ29: 2 | DK29: =IF(DI29>DJ29,"1",IF(DI29<DJ29,"2","X")) -> X | DL29: =IF(DK29=$H29,IF(DI29=$F29,IF(DJ29=$G29,IF($F29-$G29>=3,6,IF($G29-$F29>=3,6,IF($F29+$G29>=4,6,5))),3),3),0) -> 0 | DM29: 1 | DN29: 0 | DO29: =IF(DM29>DN29,"1",IF(DM29<DN29,"2","X")) -> 1 | DP29: =IF(DO29=$H29,IF(DM29=$F29,IF(DN29=$G29,IF($F29-$G29>=3,6,IF($G29-$F29>=3,6,IF($F29+$G29>=4,6,5))),3),3),0) -> 0
A30: 44732 | B30: 00:00 | C30: Germany | D30: Ivory Coast | E30: =L30+P30+T30+X30+AB30+AF30+AJ30+AN30+AR30+AV30+AZ30+BD30+BH30+BL30+BP30+BT30+BX30+CB30+CF30+CJ30+CN30+CR30+CV30+CZ30+DD30+DH30+DL30 -> 0 | H30: =IF(ISNUMBER(F30),IF(F30>G30,"1",IF(F30<G30,"2","X"))) -> FALSE | I30: 2 | J30: 1 | K30: =IF(I30>J30,"1",IF(I30<J30,"2","X")) -> 1 | L30: =IF(K30=$H30,IF(I30=$F30,IF(J30=$G30,IF($F30-$G30>=3,6,IF($G30-$F30>=3,6,IF($F30+$G30>=4,6,5))),3),3),0) -> 0 | M30: 1 | N30: 1 | O30: =IF(M30>N30,"1",IF(M30<N30,"2","X")) -> X | P30: =IF(O30=$H30,IF(M30=$F30,IF(N30=$G30,IF($F30-$G30>=3,6,IF($G30-$F30>=3,6,IF($F30+$G30>=4,6,5))),3),3),0) -> 0 | Q30: 2 | R30: 0 | S30: =IF(Q30>R30,"1",IF(Q30<R30,"2","X")) -> 1 | T30: =IF(S30=$H30,IF(Q30=$F30,IF(R30=$G30,IF($F30-$G30>=3,6,IF($G30-$F30>=3,6,IF($F30+$G30>=4,6,5))),3),3),0) -> 0 | U30: 2 | V30: 1 | W30: =IF(U30>V30,"1",IF(U30<V30,"2","X")) -> 1 | X30: =IF(W30=$H30,IF(U30=$F30,IF(V30=$G30,IF($F30-$G30>=3,6,IF($G30-$F30>=3,6,IF($F30+$G30>=4,6,5))),3),3),0) -> 0 | Y30: 1 | Z30: 1 | AA30: =IF(Y30>Z30,"1",IF(Y30<Z30,"2","X")) -> X | AB30: =IF(AA30=$H30,IF(Y30=$F30,IF(Z30=$G30,IF($F30-$G30>=3,6,IF($G30-$F30>=3,6,IF($F30+$G30>=4,6,5))),3),3),0) -> 0 | AC30: 3 | AD30: 1 | AE30: =IF(AC30>AD30,"1",IF(AC30<AD30,"2","X")) -> 1 | AF30: =IF(AE30=$H30,IF(AC30=$F30,IF(AD30=$G30,IF($F30-$G30>=3,6,IF($G30-$F30>=3,6,IF($F30+$G30>=4,6,5))),3),3),0) -> 0 | AG30: 3 | AH30: 1 | AI30: =IF(AG30>AH30,"1",IF(AG30<AH30,"2","X")) -> 1 | AJ30: =IF(AI30=$H30,IF(AG30=$F30,IF(AH30=$G30,IF($F30-$G30>=3,6,IF($G30-$F30>=3,6,IF($F30+$G30>=4,6,5))),3),3),0) -> 0 | AK30: 2 | AL30: 1 | AM30: =IF(AK30>AL30,"1",IF(AK30<AL30,"2","X")) -> 1 | AN30: =IF(AM30=$H30,IF(AK30=$F30,IF(AL30=$G30,IF($F30-$G30>=3,6,IF($G30-$F30>=3,6,IF($F30+$G30>=4,6,5))),3),3),0) -> 0 | AO30: 2 | AP30: 1 | AQ30: =IF(AO30>AP30,"1",IF(AO30<AP30,"2","X")) -> 1 | AR30: =IF(AQ30=$H30,IF(AO30=$F30,IF(AP30=$G30,IF($F30-$G30>=3,6,IF($G30-$F30>=3,6,IF($F30+$G30>=4,6,5))),3),3),0) -> 0 | AS30: 2 | AT30: 0 | AU30: =IF(AS30>AT30,"1",IF(AS30<AT30,"2","X")) -> 1 | AV30: =IF(AU30=$H30,IF(AS30=$F30,IF(AT30=$G30,IF($F30-$G30>=3,6,IF($G30-$F30>=3,6,IF($F30+$G30>=4,6,5))),3),3),0) -> 0 | AW30: 2 | AX30: 0 | AY30: =IF(AW30>AX30,"1",IF(AW30<AX30,"2","X")) -> 1 | AZ30: =IF(AY30=$H30,IF(AW30=$F30,IF(AX30=$G30,IF($F30-$G30>=3,6,IF($G30-$F30>=3,6,IF($F30+$G30>=4,6,5))),3),3),0) -> 0 | BA30: 2 | BB30: 1 | BC30: =IF(BA30>BB30,"1",IF(BA30<BB30,"2","X")) -> 1 | BD30: =IF(BC30=$H30,IF(BA30=$F30,IF(BB30=$G30,IF($F30-$G30>=3,6,IF($G30-$F30>=3,6,IF($F30+$G30>=4,6,5))),3),3),0) -> 0 | BE30: 2 | BF30: 1 | BG30: =IF(BE30>BF30,"1",IF(BE30<BF30,"2","X")) -> 1 | BH30: =IF(BG30=$H30,IF(BE30=$F30,IF(BF30=$G30,IF($F30-$G30>=3,6,IF($G30-$F30>=3,6,IF($F30+$G30>=4,6,5))),3),3),0) -> 0 | BI30: 3 | BJ30: 1 | BK30: =IF(BI30>BJ30,"1",IF(BI30<BJ30,"2","X")) -> 1 | BL30: =IF(BK30=$H30,IF(BI30=$F30,IF(BJ30=$G30,IF($F30-$G30>=3,6,IF($G30-$F30>=3,6,IF($F30+$G30>=4,6,5))),3),3),0) -> 0 | BM30: 2 | BN30: 0 | BO30: =IF(BM30>BN30,"1",IF(BM30<BN30,"2","X")) -> 1 | BP30: =IF(BO30=$H30,IF(BM30=$F30,IF(BN30=$G30,IF($F30-$G30>=3,6,IF($G30-$F30>=3,6,IF($F30+$G30>=4,6,5))),3),3),0) -> 0 | BQ30: 3 | BR30: 1 | BS30: =IF(BQ30>BR30,"1",IF(BQ30<BR30,"2","X")) -> 1 | BT30: =IF(BS30=$H30,IF(BQ30=$F30,IF(BR30=$G30,IF($F30-$G30>=3,6,IF($G30-$F30>=3,6,IF($F30+$G30>=4,6,5))),3),3),0) -> 0 | BU30: 3 | BV30: 1 | BW30: =IF(BU30>BV30,"1",IF(BU30<BV30,"2","X")) -> 1 | BX30: =IF(BW30=$H30,IF(BU30=$F30,IF(BV30=$G30,IF($F30-$G30>=3,6,IF($G30-$F30>=3,6,IF($F30+$G30>=4,6,5))),3),3),0) -> 0 | BY30: 3 | BZ30: 0 | CA30: =IF(BY30>BZ30,"1",IF(BY30<BZ30,"2","X")) -> 1 | CB30: =IF(CA30=$H30,IF(BY30=$F30,IF(BZ30=$G30,IF($F30-$G30>=3,6,IF($G30-$F30>=3,6,IF($F30+$G30>=4,6,5))),3),3),0) -> 0 | CC30: 2 | CD30: 0 | CE30: =IF(CC30>CD30,"1",IF(CC30<CD30,"2","X")) -> 1 | CF30: =IF(CE30=$H30,IF(CC30=$F30,IF(CD30=$G30,IF($F30-$G30>=3,6,IF($G30-$F30>=3,6,IF($F30+$G30>=4,6,5))),3),3),0) -> 0 | CG30: 2 | CH30: 0 | CI30: =IF(CG30>CH30,"1",IF(CG30<CH30,"2","X")) -> 1 | CJ30: =IF(CI30=$H30,IF(CG30=$F30,IF(CH30=$G30,IF($F30-$G30>=3,6,IF($G30-$F30>=3,6,IF($F30+$G30>=4,6,5))),3),3),0) -> 0 | CK30: 2 | CL30: 0 | CM30: =IF(CK30>CL30,"1",IF(CK30<CL30,"2","X")) -> 1 | CN30: =IF(CM30=$H30,IF(CK30=$F30,IF(CL30=$G30,IF($F30-$G30>=3,6,IF($G30-$F30>=3,6,IF($F30+$G30>=4,6,5))),3),3),0) -> 0 | CO30: 1 | CP30: 1 | CQ30: =IF(CO30>CP30,"1",IF(CO30<CP30,"2","X")) -> X | CR30: =IF(CQ30=$H30,IF(CO30=$F30,IF(CP30=$G30,IF($F30-$G30>=3,6,IF($G30-$F30>=3,6,IF($F30+$G30>=4,6,5))),3),3),0) -> 0 | CS30: 2 | CT30: 1 | CU30: =IF(CS30>CT30,"1",IF(CS30<CT30,"2","X")) -> 1 | CV30: =IF(CU30=$H30,IF(CS30=$F30,IF(CT30=$G30,IF($F30-$G30>=3,6,IF($G30-$F30>=3,6,IF($F30+$G30>=4,6,5))),3),3),0) -> 0 | CW30: 2 | CX30: 1 | CY30: =IF(CW30>CX30,"1",IF(CW30<CX30,"2","X")) -> 1 | CZ30: =IF(CY30=$H30,IF(CW30=$F30,IF(CX30=$G30,IF($F30-$G30>=3,6,IF($G30-$F30>=3,6,IF($F30+$G30>=4,6,5))),3),3),0) -> 0 | DA30: 2 | DB30: 1 | DC30: =IF(DA30>DB30,"1",IF(DA30<DB30,"2","X")) -> 1 | DD30: =IF(DC30=$H30,IF(DA30=$F30,IF(DB30=$G30,IF($F30-$G30>=3,6,IF($G30-$F30>=3,6,IF($F30+$G30>=4,6,5))),3),3),0) -> 0 | DE30: 4 | DF30: 1 | DG30: =IF(DE30>DF30,"1",IF(DE30<DF30,"2","X")) -> 1 | DH30: =IF(DG30=$H30,IF(DE30=$F30,IF(DF30=$G30,IF($F30-$G30>=3,6,IF($G30-$F30>=3,6,IF($F30+$G30>=4,6,5))),3),3),0) -> 0 | DI30: 1 | DJ30: 1 | DK30: =IF(DI30>DJ30,"1",IF(DI30<DJ30,"2","X")) -> X | DL30: =IF(DK30=$H30,IF(DI30=$F30,IF(DJ30=$G30,IF($F30-$G30>=3,6,IF($G30-$F30>=3,6,IF($F30+$G30>=4,6,5))),3),3),0) -> 0 | DM30: 2 | DN30: 1 | DO30: =IF(DM30>DN30,"1",IF(DM30<DN30,"2","X")) -> 1 | DP30: =IF(DO30=$H30,IF(DM30=$F30,IF(DN30=$G30,IF($F30-$G30>=3,6,IF($G30-$F30>=3,6,IF($F30+$G30>=4,6,5))),3),3),0) -> 0
A31: 44732 | B31: 04:00 | C31: Ecuador | D31: Curaçao | E31: =L31+P31+T31+X31+AB31+AF31+AJ31+AN31+AR31+AV31+AZ31+BD31+BH31+BL31+BP31+BT31+BX31+CB31+CF31+CJ31+CN31+CR31+CV31+CZ31+DD31+DH31+DL31 -> 0 | H31: =IF(ISNUMBER(F31),IF(F31>G31,"1",IF(F31<G31,"2","X"))) -> FALSE | I31: 3 | J31: 0 | K31: =IF(I31>J31,"1",IF(I31<J31,"2","X")) -> 1 | L31: =IF(K31=$H31,IF(I31=$F31,IF(J31=$G31,IF($F31-$G31>=3,6,IF($G31-$F31>=3,6,IF($F31+$G31>=4,6,5))),3),3),0) -> 0 | M31: 2 | N31: 1 | O31: =IF(M31>N31,"1",IF(M31<N31,"2","X")) -> 1 | P31: =IF(O31=$H31,IF(M31=$F31,IF(N31=$G31,IF($F31-$G31>=3,6,IF($G31-$F31>=3,6,IF($F31+$G31>=4,6,5))),3),3),0) -> 0 | Q31: 3 | R31: 0 | S31: =IF(Q31>R31,"1",IF(Q31<R31,"2","X")) -> 1 | T31: =IF(S31=$H31,IF(Q31=$F31,IF(R31=$G31,IF($F31-$G31>=3,6,IF($G31-$F31>=3,6,IF($F31+$G31>=4,6,5))),3),3),0) -> 0 | U31: 2 | V31: 0 | W31: =IF(U31>V31,"1",IF(U31<V31,"2","X")) -> 1 | X31: =IF(W31=$H31,IF(U31=$F31,IF(V31=$G31,IF($F31-$G31>=3,6,IF($G31-$F31>=3,6,IF($F31+$G31>=4,6,5))),3),3),0) -> 0 | Y31: 4 | Z31: 1 | AA31: =IF(Y31>Z31,"1",IF(Y31<Z31,"2","X")) -> 1 | AB31: =IF(AA31=$H31,IF(Y31=$F31,IF(Z31=$G31,IF($F31-$G31>=3,6,IF($G31-$F31>=3,6,IF($F31+$G31>=4,6,5))),3),3),0) -> 0 | AC31: 1 | AD31: 1 | AE31: =IF(AC31>AD31,"1",IF(AC31<AD31,"2","X")) -> X | AF31: =IF(AE31=$H31,IF(AC31=$F31,IF(AD31=$G31,IF($F31-$G31>=3,6,IF($G31-$F31>=3,6,IF($F31+$G31>=4,6,5))),3),3),0) -> 0 | AG31: 3 | AH31: 0 | AI31: =IF(AG31>AH31,"1",IF(AG31<AH31,"2","X")) -> 1 | AJ31: =IF(AI31=$H31,IF(AG31=$F31,IF(AH31=$G31,IF($F31-$G31>=3,6,IF($G31-$F31>=3,6,IF($F31+$G31>=4,6,5))),3),3),0) -> 0 | AK31: 4 | AL31: 0 | AM31: =IF(AK31>AL31,"1",IF(AK31<AL31,"2","X")) -> 1 | AN31: =IF(AM31=$H31,IF(AK31=$F31,IF(AL31=$G31,IF($F31-$G31>=3,6,IF($G31-$F31>=3,6,IF($F31+$G31>=4,6,5))),3),3),0) -> 0 | AO31: 6 | AP31: 0 | AQ31: =IF(AO31>AP31,"1",IF(AO31<AP31,"2","X")) -> 1 | AR31: =IF(AQ31=$H31,IF(AO31=$F31,IF(AP31=$G31,IF($F31-$G31>=3,6,IF($G31-$F31>=3,6,IF($F31+$G31>=4,6,5))),3),3),0) -> 0 | AS31: 2 | AT31: 0 | AU31: =IF(AS31>AT31,"1",IF(AS31<AT31,"2","X")) -> 1 | AV31: =IF(AU31=$H31,IF(AS31=$F31,IF(AT31=$G31,IF($F31-$G31>=3,6,IF($G31-$F31>=3,6,IF($F31+$G31>=4,6,5))),3),3),0) -> 0 | AW31: 3 | AX31: 0 | AY31: =IF(AW31>AX31,"1",IF(AW31<AX31,"2","X")) -> 1 | AZ31: =IF(AY31=$H31,IF(AW31=$F31,IF(AX31=$G31,IF($F31-$G31>=3,6,IF($G31-$F31>=3,6,IF($F31+$G31>=4,6,5))),3),3),0) -> 0 | BA31: 2 | BB31: 0 | BC31: =IF(BA31>BB31,"1",IF(BA31<BB31,"2","X")) -> 1 | BD31: =IF(BC31=$H31,IF(BA31=$F31,IF(BB31=$G31,IF($F31-$G31>=3,6,IF($G31-$F31>=3,6,IF($F31+$G31>=4,6,5))),3),3),0) -> 0 | BE31: 3 | BF31: 0 | BG31: =IF(BE31>BF31,"1",IF(BE31<BF31,"2","X")) -> 1 | BH31: =IF(BG31=$H31,IF(BE31=$F31,IF(BF31=$G31,IF($F31-$G31>=3,6,IF($G31-$F31>=3,6,IF($F31+$G31>=4,6,5))),3),3),0) -> 0 | BI31: 3 | BJ31: 0 | BK31: =IF(BI31>BJ31,"1",IF(BI31<BJ31,"2","X")) -> 1 | BL31: =IF(BK31=$H31,IF(BI31=$F31,IF(BJ31=$G31,IF($F31-$G31>=3,6,IF($G31-$F31>=3,6,IF($F31+$G31>=4,6,5))),3),3),0) -> 0 | BM31: 2 | BN31: 0 | BO31: =IF(BM31>BN31,"1",IF(BM31<BN31,"2","X")) -> 1 | BP31: =IF(BO31=$H31,IF(BM31=$F31,IF(BN31=$G31,IF($F31-$G31>=3,6,IF($G31-$F31>=3,6,IF($F31+$G31>=4,6,5))),3),3),0) -> 0 | BQ31: 2 | BR31: 0 | BS31: =IF(BQ31>BR31,"1",IF(BQ31<BR31,"2","X")) -> 1 | BT31: =IF(BS31=$H31,IF(BQ31=$F31,IF(BR31=$G31,IF($F31-$G31>=3,6,IF($G31-$F31>=3,6,IF($F31+$G31>=4,6,5))),3),3),0) -> 0 | BU31: 3 | BV31: 0 | BW31: =IF(BU31>BV31,"1",IF(BU31<BV31,"2","X")) -> 1 | BX31: =IF(BW31=$H31,IF(BU31=$F31,IF(BV31=$G31,IF($F31-$G31>=3,6,IF($G31-$F31>=3,6,IF($F31+$G31>=4,6,5))),3),3),0) -> 0 | BY31: 2 | BZ31: 0 | CA31: =IF(BY31>BZ31,"1",IF(BY31<BZ31,"2","X")) -> 1 | CB31: =IF(CA31=$H31,IF(BY31=$F31,IF(BZ31=$G31,IF($F31-$G31>=3,6,IF($G31-$F31>=3,6,IF($F31+$G31>=4,6,5))),3),3),0) -> 0 | CC31: 1 | CD31: 0 | CE31: =IF(CC31>CD31,"1",IF(CC31<CD31,"2","X")) -> 1 | CF31: =IF(CE31=$H31,IF(CC31=$F31,IF(CD31=$G31,IF($F31-$G31>=3,6,IF($G31-$F31>=3,6,IF($F31+$G31>=4,6,5))),3),3),0) -> 0 | CG31: 3 | CH31: 0 | CI31: =IF(CG31>CH31,"1",IF(CG31<CH31,"2","X")) -> 1 | CJ31: =IF(CI31=$H31,IF(CG31=$F31,IF(CH31=$G31,IF($F31-$G31>=3,6,IF($G31-$F31>=3,6,IF($F31+$G31>=4,6,5))),3),3),0) -> 0 | CK31: 2 | CL31: 0 | CM31: =IF(CK31>CL31,"1",IF(CK31<CL31,"2","X")) -> 1 | CN31: =IF(CM31=$H31,IF(CK31=$F31,IF(CL31=$G31,IF($F31-$G31>=3,6,IF($G31-$F31>=3,6,IF($F31+$G31>=4,6,5))),3),3),0) -> 0 | CO31: 2 | CP31: 0 | CQ31: =IF(CO31>CP31,"1",IF(CO31<CP31,"2","X")) -> 1 | CR31: =IF(CQ31=$H31,IF(CO31=$F31,IF(CP31=$G31,IF($F31-$G31>=3,6,IF($G31-$F31>=3,6,IF($F31+$G31>=4,6,5))),3),3),0) -> 0 | CS31: 3 | CT31: 0 | CU31: =IF(CS31>CT31,"1",IF(CS31<CT31,"2","X")) -> 1 | CV31: =IF(CU31=$H31,IF(CS31=$F31,IF(CT31=$G31,IF($F31-$G31>=3,6,IF($G31-$F31>=3,6,IF($F31+$G31>=4,6,5))),3),3),0) -> 0 | CW31: 2 | CX31: 0 | CY31: =IF(CW31>CX31,"1",IF(CW31<CX31,"2","X")) -> 1 | CZ31: =IF(CY31=$H31,IF(CW31=$F31,IF(CX31=$G31,IF($F31-$G31>=3,6,IF($G31-$F31>=3,6,IF($F31+$G31>=4,6,5))),3),3),0) -> 0 | DA31: 2 | DB31: 0 | DC31: =IF(DA31>DB31,"1",IF(DA31<DB31,"2","X")) -> 1 | DD31: =IF(DC31=$H31,IF(DA31=$F31,IF(DB31=$G31,IF($F31-$G31>=3,6,IF($G31-$F31>=3,6,IF($F31+$G31>=4,6,5))),3),3),0) -> 0 | DE31: 5 | DF31: 0 | DG31: =IF(DE31>DF31,"1",IF(DE31<DF31,"2","X")) -> 1 | DH31: =IF(DG31=$H31,IF(DE31=$F31,IF(DF31=$G31,IF($F31-$G31>=3,6,IF($G31-$F31>=3,6,IF($F31+$G31>=4,6,5))),3),3),0) -> 0 | DI31: 3 | DJ31: 0 | DK31: =IF(DI31>DJ31,"1",IF(DI31<DJ31,"2","X")) -> 1 | DL31: =IF(DK31=$H31,IF(DI31=$F31,IF(DJ31=$G31,IF($F31-$G31>=3,6,IF($G31-$F31>=3,6,IF($F31+$G31>=4,6,5))),3),3),0) -> 0 | DM31: 2 | DN31: 0 | DO31: =IF(DM31>DN31,"1",IF(DM31<DN31,"2","X")) -> 1 | DP31: =IF(DO31=$H31,IF(DM31=$F31,IF(DN31=$G31,IF($F31-$G31>=3,6,IF($G31-$F31>=3,6,IF($F31+$G31>=4,6,5))),3),3),0) -> 0
A32: 44737 | B32: 00:00 | C32: Curaçao | D32: Ivory Coast | E32: =L32+P32+T32+X32+AB32+AF32+AJ32+AN32+AR32+AV32+AZ32+BD32+BH32+BL32+BP32+BT32+BX32+CB32+CF32+CJ32+CN32+CR32+CV32+CZ32+DD32+DH32+DL32 -> 0 | H32: =IF(ISNUMBER(F32),IF(F32>G32,"1",IF(F32<G32,"2","X"))) -> FALSE | K32: =IF(I32>J32,"1",IF(I32<J32,"2","X")) -> X | L32: =IF(K32=$H32,IF(I32=$F32,IF(J32=$G32,IF($F32-$G32>=3,6,IF($G32-$F32>=3,6,IF($F32+$G32>=4,6,5))),3),3),0) -> 0 | O32: =IF(M32>N32,"1",IF(M32<N32,"2","X")) -> X | P32: =IF(O32=$H32,IF(M32=$F32,IF(N32=$G32,IF($F32-$G32>=3,6,IF($G32-$F32>=3,6,IF($F32+$G32>=4,6,5))),3),3),0) -> 0 | S32: =IF(Q32>R32,"1",IF(Q32<R32,"2","X")) -> X | T32: =IF(S32=$H32,IF(Q32=$F32,IF(R32=$G32,IF($F32-$G32>=3,6,IF($G32-$F32>=3,6,IF($F32+$G32>=4,6,5))),3),3),0) -> 0 | W32: =IF(U32>V32,"1",IF(U32<V32,"2","X")) -> X | X32: =IF(W32=$H32,IF(U32=$F32,IF(V32=$G32,IF($F32-$G32>=3,6,IF($G32-$F32>=3,6,IF($F32+$G32>=4,6,5))),3),3),0) -> 0 | AA32: =IF(Y32>Z32,"1",IF(Y32<Z32,"2","X")) -> X | AB32: =IF(AA32=$H32,IF(Y32=$F32,IF(Z32=$G32,IF($F32-$G32>=3,6,IF($G32-$F32>=3,6,IF($F32+$G32>=4,6,5))),3),3),0) -> 0 | AE32: =IF(AC32>AD32,"1",IF(AC32<AD32,"2","X")) -> X | AF32: =IF(AE32=$H32,IF(AC32=$F32,IF(AD32=$G32,IF($F32-$G32>=3,6,IF($G32-$F32>=3,6,IF($F32+$G32>=4,6,5))),3),3),0) -> 0 | AI32: =IF(AG32>AH32,"1",IF(AG32<AH32,"2","X")) -> X | AJ32: =IF(AI32=$H32,IF(AG32=$F32,IF(AH32=$G32,IF($F32-$G32>=3,6,IF($G32-$F32>=3,6,IF($F32+$G32>=4,6,5))),3),3),0) -> 0 | AM32: =IF(AK32>AL32,"1",IF(AK32<AL32,"2","X")) -> X | AN32: =IF(AM32=$H32,IF(AK32=$F32,IF(AL32=$G32,IF($F32-$G32>=3,6,IF($G32-$F32>=3,6,IF($F32+$G32>=4,6,5))),3),3),0) -> 0 | AQ32: =IF(AO32>AP32,"1",IF(AO32<AP32,"2","X")) -> X | AR32: =IF(AQ32=$H32,IF(AO32=$F32,IF(AP32=$G32,IF($F32-$G32>=3,6,IF($G32-$F32>=3,6,IF($F32+$G32>=4,6,5))),3),3),0) -> 0 | AU32: =IF(AS32>AT32,"1",IF(AS32<AT32,"2","X")) -> X | AV32: =IF(AU32=$H32,IF(AS32=$F32,IF(AT32=$G32,IF($F32-$G32>=3,6,IF($G32-$F32>=3,6,IF($F32+$G32>=4,6,5))),3),3),0) -> 0 | AY32: =IF(AW32>AX32,"1",IF(AW32<AX32,"2","X")) -> X | AZ32: =IF(AY32=$H32,IF(AW32=$F32,IF(AX32=$G32,IF($F32-$G32>=3,6,IF($G32-$F32>=3,6,IF($F32+$G32>=4,6,5))),3),3),0) -> 0 | BC32: =IF(BA32>BB32,"1",IF(BA32<BB32,"2","X")) -> X | BD32: =IF(BC32=$H32,IF(BA32=$F32,IF(BB32=$G32,IF($F32-$G32>=3,6,IF($G32-$F32>=3,6,IF($F32+$G32>=4,6,5))),3),3),0) -> 0 | BG32: =IF(BE32>BF32,"1",IF(BE32<BF32,"2","X")) -> X | BH32: =IF(BG32=$H32,IF(BE32=$F32,IF(BF32=$G32,IF($F32-$G32>=3,6,IF($G32-$F32>=3,6,IF($F32+$G32>=4,6,5))),3),3),0) -> 0 | BK32: =IF(BI32>BJ32,"1",IF(BI32<BJ32,"2","X")) -> X | BL32: =IF(BK32=$H32,IF(BI32=$F32,IF(BJ32=$G32,IF($F32-$G32>=3,6,IF($G32-$F32>=3,6,IF($F32+$G32>=4,6,5))),3),3),0) -> 0 | BO32: =IF(BM32>BN32,"1",IF(BM32<BN32,"2","X")) -> X | BP32: =IF(BO32=$H32,IF(BM32=$F32,IF(BN32=$G32,IF($F32-$G32>=3,6,IF($G32-$F32>=3,6,IF($F32+$G32>=4,6,5))),3),3),0) -> 0 | BS32: =IF(BQ32>BR32,"1",IF(BQ32<BR32,"2","X")) -> X | BT32: =IF(BS32=$H32,IF(BQ32=$F32,IF(BR32=$G32,IF($F32-$G32>=3,6,IF($G32-$F32>=3,6,IF($F32+$G32>=4,6,5))),3),3),0) -> 0 | BW32: =IF(BU32>BV32,"1",IF(BU32<BV32,"2","X")) -> X | BX32: =IF(BW32=$H32,IF(BU32=$F32,IF(BV32=$G32,IF($F32-$G32>=3,6,IF($G32-$F32>=3,6,IF($F32+$G32>=4,6,5))),3),3),0) -> 0 | CA32: =IF(BY32>BZ32,"1",IF(BY32<BZ32,"2","X")) -> X | CB32: =IF(CA32=$H32,IF(BY32=$F32,IF(BZ32=$G32,IF($F32-$G32>=3,6,IF($G32-$F32>=3,6,IF($F32+$G32>=4,6,5))),3),3),0) -> 0 | CE32: =IF(CC32>CD32,"1",IF(CC32<CD32,"2","X")) -> X | CF32: =IF(CE32=$H32,IF(CC32=$F32,IF(CD32=$G32,IF($F32-$G32>=3,6,IF($G32-$F32>=3,6,IF($F32+$G32>=4,6,5))),3),3),0) -> 0 | CI32: =IF(CG32>CH32,"1",IF(CG32<CH32,"2","X")) -> X | CJ32: =IF(CI32=$H32,IF(CG32=$F32,IF(CH32=$G32,IF($F32-$G32>=3,6,IF($G32-$F32>=3,6,IF($F32+$G32>=4,6,5))),3),3),0) -> 0 | CM32: =IF(CK32>CL32,"1",IF(CK32<CL32,"2","X")) -> X | CN32: =IF(CM32=$H32,IF(CK32=$F32,IF(CL32=$G32,IF($F32-$G32>=3,6,IF($G32-$F32>=3,6,IF($F32+$G32>=4,6,5))),3),3),0) -> 0 | CQ32: =IF(CO32>CP32,"1",IF(CO32<CP32,"2","X")) -> X | CR32: =IF(CQ32=$H32,IF(CO32=$F32,IF(CP32=$G32,IF($F32-$G32>=3,6,IF($G32-$F32>=3,6,IF($F32+$G32>=4,6,5))),3),3),0) -> 0 | CU32: =IF(CS32>CT32,"1",IF(CS32<CT32,"2","X")) -> X | CV32: =IF(CU32=$H32,IF(CS32=$F32,IF(CT32=$G32,IF($F32-$G32>=3,6,IF($G32-$F32>=3,6,IF($F32+$G32>=4,6,5))),3),3),0) -> 0 | CY32: =IF(CW32>CX32,"1",IF(CW32<CX32,"2","X")) -> X | CZ32: =IF(CY32=$H32,IF(CW32=$F32,IF(CX32=$G32,IF($F32-$G32>=3,6,IF($G32-$F32>=3,6,IF($F32+$G32>=4,6,5))),3),3),0) -> 0 | DC32: =IF(DA32>DB32,"1",IF(DA32<DB32,"2","X")) -> X | DD32: =IF(DC32=$H32,IF(DA32=$F32,IF(DB32=$G32,IF($F32-$G32>=3,6,IF($G32-$F32>=3,6,IF($F32+$G32>=4,6,5))),3),3),0) -> 0 | DG32: =IF(DE32>DF32,"1",IF(DE32<DF32,"2","X")) -> X | DH32: =IF(DG32=$H32,IF(DE32=$F32,IF(DF32=$G32,IF($F32-$G32>=3,6,IF($G32-$F32>=3,6,IF($F32+$G32>=4,6,5))),3),3),0) -> 0 | DK32: =IF(DI32>DJ32,"1",IF(DI32<DJ32,"2","X")) -> X | DL32: =IF(DK32=$H32,IF(DI32=$F32,IF(DJ32=$G32,IF($F32-$G32>=3,6,IF($G32-$F32>=3,6,IF($F32+$G32>=4,6,5))),3),3),0) -> 0 | DO32: =IF(DM32>DN32,"1",IF(DM32<DN32,"2","X")) -> X | DP32: =IF(DO32=$H32,IF(DM32=$F32,IF(DN32=$G32,IF($F32-$G32>=3,6,IF($G32-$F32>=3,6,IF($F32+$G32>=4,6,5))),3),3),0) -> 0
A33: 44737 | B33: 00:00 | C33: Ecuador | D33: Germany | E33: =L33+P33+T33+X33+AB33+AF33+AJ33+AN33+AR33+AV33+AZ33+BD33+BH33+BL33+BP33+BT33+BX33+CB33+CF33+CJ33+CN33+CR33+CV33+CZ33+DD33+DH33+DL33 -> 0 | H33: =IF(ISNUMBER(F33),IF(F33>G33,"1",IF(F33<G33,"2","X"))) -> FALSE | K33: =IF(I33>J33,"1",IF(I33<J33,"2","X")) -> X | L33: =IF(K33=$H33,IF(I33=$F33,IF(J33=$G33,IF($F33-$G33>=3,6,IF($G33-$F33>=3,6,IF($F33+$G33>=4,6,5))),3),3),0) -> 0 | O33: =IF(M33>N33,"1",IF(M33<N33,"2","X")) -> X | P33: =IF(O33=$H33,IF(M33=$F33,IF(N33=$G33,IF($F33-$G33>=3,6,IF($G33-$F33>=3,6,IF($F33+$G33>=4,6,5))),3),3),0) -> 0 | S33: =IF(Q33>R33,"1",IF(Q33<R33,"2","X")) -> X | T33: =IF(S33=$H33,IF(Q33=$F33,IF(R33=$G33,IF($F33-$G33>=3,6,IF($G33-$F33>=3,6,IF($F33+$G33>=4,6,5))),3),3),0) -> 0 | W33: =IF(U33>V33,"1",IF(U33<V33,"2","X")) -> X | X33: =IF(W33=$H33,IF(U33=$F33,IF(V33=$G33,IF($F33-$G33>=3,6,IF($G33-$F33>=3,6,IF($F33+$G33>=4,6,5))),3),3),0) -> 0 | AA33: =IF(Y33>Z33,"1",IF(Y33<Z33,"2","X")) -> X | AB33: =IF(AA33=$H33,IF(Y33=$F33,IF(Z33=$G33,IF($F33-$G33>=3,6,IF($G33-$F33>=3,6,IF($F33+$G33>=4,6,5))),3),3),0) -> 0 | AE33: =IF(AC33>AD33,"1",IF(AC33<AD33,"2","X")) -> X | AF33: =IF(AE33=$H33,IF(AC33=$F33,IF(AD33=$G33,IF($F33-$G33>=3,6,IF($G33-$F33>=3,6,IF($F33+$G33>=4,6,5))),3),3),0) -> 0 | AI33: =IF(AG33>AH33,"1",IF(AG33<AH33,"2","X")) -> X | AJ33: =IF(AI33=$H33,IF(AG33=$F33,IF(AH33=$G33,IF($F33-$G33>=3,6,IF($G33-$F33>=3,6,IF($F33+$G33>=4,6,5))),3),3),0) -> 0 | AM33: =IF(AK33>AL33,"1",IF(AK33<AL33,"2","X")) -> X | AN33: =IF(AM33=$H33,IF(AK33=$F33,IF(AL33=$G33,IF($F33-$G33>=3,6,IF($G33-$F33>=3,6,IF($F33+$G33>=4,6,5))),3),3),0) -> 0 | AQ33: =IF(AO33>AP33,"1",IF(AO33<AP33,"2","X")) -> X | AR33: =IF(AQ33=$H33,IF(AO33=$F33,IF(AP33=$G33,IF($F33-$G33>=3,6,IF($G33-$F33>=3,6,IF($F33+$G33>=4,6,5))),3),3),0) -> 0 | AU33: =IF(AS33>AT33,"1",IF(AS33<AT33,"2","X")) -> X | AV33: =IF(AU33=$H33,IF(AS33=$F33,IF(AT33=$G33,IF($F33-$G33>=3,6,IF($G33-$F33>=3,6,IF($F33+$G33>=4,6,5))),3),3),0) -> 0 | AY33: =IF(AW33>AX33,"1",IF(AW33<AX33,"2","X")) -> X | AZ33: =IF(AY33=$H33,IF(AW33=$F33,IF(AX33=$G33,IF($F33-$G33>=3,6,IF($G33-$F33>=3,6,IF($F33+$G33>=4,6,5))),3),3),0) -> 0 | BC33: =IF(BA33>BB33,"1",IF(BA33<BB33,"2","X")) -> X | BD33: =IF(BC33=$H33,IF(BA33=$F33,IF(BB33=$G33,IF($F33-$G33>=3,6,IF($G33-$F33>=3,6,IF($F33+$G33>=4,6,5))),3),3),0) -> 0 | BG33: =IF(BE33>BF33,"1",IF(BE33<BF33,"2","X")) -> X | BH33: =IF(BG33=$H33,IF(BE33=$F33,IF(BF33=$G33,IF($F33-$G33>=3,6,IF($G33-$F33>=3,6,IF($F33+$G33>=4,6,5))),3),3),0) -> 0 | BK33: =IF(BI33>BJ33,"1",IF(BI33<BJ33,"2","X")) -> X | BL33: =IF(BK33=$H33,IF(BI33=$F33,IF(BJ33=$G33,IF($F33-$G33>=3,6,IF($G33-$F33>=3,6,IF($F33+$G33>=4,6,5))),3),3),0) -> 0 | BO33: =IF(BM33>BN33,"1",IF(BM33<BN33,"2","X")) -> X | BP33: =IF(BO33=$H33,IF(BM33=$F33,IF(BN33=$G33,IF($F33-$G33>=3,6,IF($G33-$F33>=3,6,IF($F33+$G33>=4,6,5))),3),3),0) -> 0 | BS33: =IF(BQ33>BR33,"1",IF(BQ33<BR33,"2","X")) -> X | BT33: =IF(BS33=$H33,IF(BQ33=$F33,IF(BR33=$G33,IF($F33-$G33>=3,6,IF($G33-$F33>=3,6,IF($F33+$G33>=4,6,5))),3),3),0) -> 0 | BW33: =IF(BU33>BV33,"1",IF(BU33<BV33,"2","X")) -> X | BX33: =IF(BW33=$H33,IF(BU33=$F33,IF(BV33=$G33,IF($F33-$G33>=3,6,IF($G33-$F33>=3,6,IF($F33+$G33>=4,6,5))),3),3),0) -> 0 | CA33: =IF(BY33>BZ33,"1",IF(BY33<BZ33,"2","X")) -> X | CB33: =IF(CA33=$H33,IF(BY33=$F33,IF(BZ33=$G33,IF($F33-$G33>=3,6,IF($G33-$F33>=3,6,IF($F33+$G33>=4,6,5))),3),3),0) -> 0 | CE33: =IF(CC33>CD33,"1",IF(CC33<CD33,"2","X")) -> X | CF33: =IF(CE33=$H33,IF(CC33=$F33,IF(CD33=$G33,IF($F33-$G33>=3,6,IF($G33-$F33>=3,6,IF($F33+$G33>=4,6,5))),3),3),0) -> 0 | CI33: =IF(CG33>CH33,"1",IF(CG33<CH33,"2","X")) -> X | CJ33: =IF(CI33=$H33,IF(CG33=$F33,IF(CH33=$G33,IF($F33-$G33>=3,6,IF($G33-$F33>=3,6,IF($F33+$G33>=4,6,5))),3),3),0) -> 0 | CM33: =IF(CK33>CL33,"1",IF(CK33<CL33,"2","X")) -> X | CN33: =IF(CM33=$H33,IF(CK33=$F33,IF(CL33=$G33,IF($F33-$G33>=3,6,IF($G33-$F33>=3,6,IF($F33+$G33>=4,6,5))),3),3),0) -> 0 | CQ33: =IF(CO33>CP33,"1",IF(CO33<CP33,"2","X")) -> X | CR33: =IF(CQ33=$H33,IF(CO33=$F33,IF(CP33=$G33,IF($F33-$G33>=3,6,IF($G33-$F33>=3,6,IF($F33+$G33>=4,6,5))),3),3),0) -> 0 | CU33: =IF(CS33>CT33,"1",IF(CS33<CT33,"2","X")) -> X | CV33: =IF(CU33=$H33,IF(CS33=$F33,IF(CT33=$G33,IF($F33-$G33>=3,6,IF($G33-$F33>=3,6,IF($F33+$G33>=4,6,5))),3),3),0) -> 0 | CY33: =IF(CW33>CX33,"1",IF(CW33<CX33,"2","X")) -> X | CZ33: =IF(CY33=$H33,IF(CW33=$F33,IF(CX33=$G33,IF($F33-$G33>=3,6,IF($G33-$F33>=3,6,IF($F33+$G33>=4,6,5))),3),3),0) -> 0 | DC33: =IF(DA33>DB33,"1",IF(DA33<DB33,"2","X")) -> X | DD33: =IF(DC33=$H33,IF(DA33=$F33,IF(DB33=$G33,IF($F33-$G33>=3,6,IF($G33-$F33>=3,6,IF($F33+$G33>=4,6,5))),3),3),0) -> 0 | DG33: =IF(DE33>DF33,"1",IF(DE33<DF33,"2","X")) -> X | DH33: =IF(DG33=$H33,IF(DE33=$F33,IF(DF33=$G33,IF($F33-$G33>=3,6,IF($G33-$F33>=3,6,IF($F33+$G33>=4,6,5))),3),3),0) -> 0 | DK33: =IF(DI33>DJ33,"1",IF(DI33<DJ33,"2","X")) -> X | DL33: =IF(DK33=$H33,IF(DI33=$F33,IF(DJ33=$G33,IF($F33-$G33>=3,6,IF($G33-$F33>=3,6,IF($F33+$G33>=4,6,5))),3),3),0) -> 0 | DO33: =IF(DM33>DN33,"1",IF(DM33<DN33,"2","X")) -> X | DP33: =IF(DO33=$H33,IF(DM33=$F33,IF(DN33=$G33,IF($F33-$G33>=3,6,IF($G33-$F33>=3,6,IF($F33+$G33>=4,6,5))),3),3),0) -> 0
A34: 44726 | B34: 00:00 | C34: Netherlands | D34: Japan | E34: =L34+P34+T34+X34+AB34+AF34+AJ34+AN34+AR34+AV34+AZ34+BD34+BH34+BL34+BP34+BT34+BX34+CB34+CF34+CJ34+CN34+CR34+CV34+CZ34+DD34+DH34+DL34 -> 0 | H34: =IF(ISNUMBER(F34),IF(F34>G34,"1",IF(F34<G34,"2","X"))) -> FALSE | I34: 1 | J34: 1 | K34: =IF(I34>J34,"1",IF(I34<J34,"2","X")) -> X | L34: =IF(K34=$H34,IF(I34=$F34,IF(J34=$G34,IF($F34-$G34>=3,6,IF($G34-$F34>=3,6,IF($F34+$G34>=4,6,5))),3),3),0) -> 0 | M34: 2 | N34: 2 | O34: =IF(M34>N34,"1",IF(M34<N34,"2","X")) -> X | P34: =IF(O34=$H34,IF(M34=$F34,IF(N34=$G34,IF($F34-$G34>=3,6,IF($G34-$F34>=3,6,IF($F34+$G34>=4,6,5))),3),3),0) -> 0 | Q34: 2 | R34: 1 | S34: =IF(Q34>R34,"1",IF(Q34<R34,"2","X")) -> 1 | T34: =IF(S34=$H34,IF(Q34=$F34,IF(R34=$G34,IF($F34-$G34>=3,6,IF($G34-$F34>=3,6,IF($F34+$G34>=4,6,5))),3),3),0) -> 0 | U34: 1 | V34: 1 | W34: =IF(U34>V34,"1",IF(U34<V34,"2","X")) -> X | X34: =IF(W34=$H34,IF(U34=$F34,IF(V34=$G34,IF($F34-$G34>=3,6,IF($G34-$F34>=3,6,IF($F34+$G34>=4,6,5))),3),3),0) -> 0 | Y34: 1 | Z34: 2 | AA34: =IF(Y34>Z34,"1",IF(Y34<Z34,"2","X")) -> 2 | AB34: =IF(AA34=$H34,IF(Y34=$F34,IF(Z34=$G34,IF($F34-$G34>=3,6,IF($G34-$F34>=3,6,IF($F34+$G34>=4,6,5))),3),3),0) -> 0 | AC34: 2 | AD34: 1 | AE34: =IF(AC34>AD34,"1",IF(AC34<AD34,"2","X")) -> 1 | AF34: =IF(AE34=$H34,IF(AC34=$F34,IF(AD34=$G34,IF($F34-$G34>=3,6,IF($G34-$F34>=3,6,IF($F34+$G34>=4,6,5))),3),3),0) -> 0 | AG34: 3 | AH34: 1 | AI34: =IF(AG34>AH34,"1",IF(AG34<AH34,"2","X")) -> 1 | AJ34: =IF(AI34=$H34,IF(AG34=$F34,IF(AH34=$G34,IF($F34-$G34>=3,6,IF($G34-$F34>=3,6,IF($F34+$G34>=4,6,5))),3),3),0) -> 0 | AK34: 3 | AL34: 1 | AM34: =IF(AK34>AL34,"1",IF(AK34<AL34,"2","X")) -> 1 | AN34: =IF(AM34=$H34,IF(AK34=$F34,IF(AL34=$G34,IF($F34-$G34>=3,6,IF($G34-$F34>=3,6,IF($F34+$G34>=4,6,5))),3),3),0) -> 0 | AO34: 2 | AP34: 2 | AQ34: =IF(AO34>AP34,"1",IF(AO34<AP34,"2","X")) -> X | AR34: =IF(AQ34=$H34,IF(AO34=$F34,IF(AP34=$G34,IF($F34-$G34>=3,6,IF($G34-$F34>=3,6,IF($F34+$G34>=4,6,5))),3),3),0) -> 0 | AS34: 1 | AT34: 1 | AU34: =IF(AS34>AT34,"1",IF(AS34<AT34,"2","X")) -> X | AV34: =IF(AU34=$H34,IF(AS34=$F34,IF(AT34=$G34,IF($F34-$G34>=3,6,IF($G34-$F34>=3,6,IF($F34+$G34>=4,6,5))),3),3),0) -> 0 | AW34: 3 | AX34: 1 | AY34: =IF(AW34>AX34,"1",IF(AW34<AX34,"2","X")) -> 1 | AZ34: =IF(AY34=$H34,IF(AW34=$F34,IF(AX34=$G34,IF($F34-$G34>=3,6,IF($G34-$F34>=3,6,IF($F34+$G34>=4,6,5))),3),3),0) -> 0 | BA34: 1 | BB34: 1 | BC34: =IF(BA34>BB34,"1",IF(BA34<BB34,"2","X")) -> X | BD34: =IF(BC34=$H34,IF(BA34=$F34,IF(BB34=$G34,IF($F34-$G34>=3,6,IF($G34-$F34>=3,6,IF($F34+$G34>=4,6,5))),3),3),0) -> 0 | BE34: 2 | BF34: 0 | BG34: =IF(BE34>BF34,"1",IF(BE34<BF34,"2","X")) -> 1 | BH34: =IF(BG34=$H34,IF(BE34=$F34,IF(BF34=$G34,IF($F34-$G34>=3,6,IF($G34-$F34>=3,6,IF($F34+$G34>=4,6,5))),3),3),0) -> 0 | BI34: 2 | BJ34: 1 | BK34: =IF(BI34>BJ34,"1",IF(BI34<BJ34,"2","X")) -> 1 | BL34: =IF(BK34=$H34,IF(BI34=$F34,IF(BJ34=$G34,IF($F34-$G34>=3,6,IF($G34-$F34>=3,6,IF($F34+$G34>=4,6,5))),3),3),0) -> 0 | BM34: 2 | BN34: 0 | BO34: =IF(BM34>BN34,"1",IF(BM34<BN34,"2","X")) -> 1 | BP34: =IF(BO34=$H34,IF(BM34=$F34,IF(BN34=$G34,IF($F34-$G34>=3,6,IF($G34-$F34>=3,6,IF($F34+$G34>=4,6,5))),3),3),0) -> 0 | BQ34: 3 | BR34: 2 | BS34: =IF(BQ34>BR34,"1",IF(BQ34<BR34,"2","X")) -> 1 | BT34: =IF(BS34=$H34,IF(BQ34=$F34,IF(BR34=$G34,IF($F34-$G34>=3,6,IF($G34-$F34>=3,6,IF($F34+$G34>=4,6,5))),3),3),0) -> 0 | BU34: 1 | BV34: 1 | BW34: =IF(BU34>BV34,"1",IF(BU34<BV34,"2","X")) -> X | BX34: =IF(BW34=$H34,IF(BU34=$F34,IF(BV34=$G34,IF($F34-$G34>=3,6,IF($G34-$F34>=3,6,IF($F34+$G34>=4,6,5))),3),3),0) -> 0 | BY34: 2 | BZ34: 1 | CA34: =IF(BY34>BZ34,"1",IF(BY34<BZ34,"2","X")) -> 1 | CB34: =IF(CA34=$H34,IF(BY34=$F34,IF(BZ34=$G34,IF($F34-$G34>=3,6,IF($G34-$F34>=3,6,IF($F34+$G34>=4,6,5))),3),3),0) -> 0 | CC34: 1 | CD34: 1 | CE34: =IF(CC34>CD34,"1",IF(CC34<CD34,"2","X")) -> X | CF34: =IF(CE34=$H34,IF(CC34=$F34,IF(CD34=$G34,IF($F34-$G34>=3,6,IF($G34-$F34>=3,6,IF($F34+$G34>=4,6,5))),3),3),0) -> 0 | CG34: 2 | CH34: 1 | CI34: =IF(CG34>CH34,"1",IF(CG34<CH34,"2","X")) -> 1 | CJ34: =IF(CI34=$H34,IF(CG34=$F34,IF(CH34=$G34,IF($F34-$G34>=3,6,IF($G34-$F34>=3,6,IF($F34+$G34>=4,6,5))),3),3),0) -> 0 | CK34: 2 | CL34: 1 | CM34: =IF(CK34>CL34,"1",IF(CK34<CL34,"2","X")) -> 1 | CN34: =IF(CM34=$H34,IF(CK34=$F34,IF(CL34=$G34,IF($F34-$G34>=3,6,IF($G34-$F34>=3,6,IF($F34+$G34>=4,6,5))),3),3),0) -> 0 | CO34: 1 | CP34: 0 | CQ34: =IF(CO34>CP34,"1",IF(CO34<CP34,"2","X")) -> 1 | CR34: =IF(CQ34=$H34,IF(CO34=$F34,IF(CP34=$G34,IF($F34-$G34>=3,6,IF($G34-$F34>=3,6,IF($F34+$G34>=4,6,5))),3),3),0) -> 0 | CS34: 2 | CT34: 1 | CU34: =IF(CS34>CT34,"1",IF(CS34<CT34,"2","X")) -> 1 | CV34: =IF(CU34=$H34,IF(CS34=$F34,IF(CT34=$G34,IF($F34-$G34>=3,6,IF($G34-$F34>=3,6,IF($F34+$G34>=4,6,5))),3),3),0) -> 0 | CW34: 2 | CX34: 1 | CY34: =IF(CW34>CX34,"1",IF(CW34<CX34,"2","X")) -> 1 | CZ34: =IF(CY34=$H34,IF(CW34=$F34,IF(CX34=$G34,IF($F34-$G34>=3,6,IF($G34-$F34>=3,6,IF($F34+$G34>=4,6,5))),3),3),0) -> 0 | DA34: 2 | DB34: 1 | DC34: =IF(DA34>DB34,"1",IF(DA34<DB34,"2","X")) -> 1 | DD34: =IF(DC34=$H34,IF(DA34=$F34,IF(DB34=$G34,IF($F34-$G34>=3,6,IF($G34-$F34>=3,6,IF($F34+$G34>=4,6,5))),3),3),0) -> 0 | DE34: 3 | DF34: 1 | DG34: =IF(DE34>DF34,"1",IF(DE34<DF34,"2","X")) -> 1 | DH34: =IF(DG34=$H34,IF(DE34=$F34,IF(DF34=$G34,IF($F34-$G34>=3,6,IF($G34-$F34>=3,6,IF($F34+$G34>=4,6,5))),3),3),0) -> 0 | DI34: 3 | DJ34: 1 | DK34: =IF(DI34>DJ34,"1",IF(DI34<DJ34,"2","X")) -> 1 | DL34: =IF(DK34=$H34,IF(DI34=$F34,IF(DJ34=$G34,IF($F34-$G34>=3,6,IF($G34-$F34>=3,6,IF($F34+$G34>=4,6,5))),3),3),0) -> 0 | DM34: 1 | DN34: 2 | DO34: =IF(DM34>DN34,"1",IF(DM34<DN34,"2","X")) -> 2 | DP34: =IF(DO34=$H34,IF(DM34=$F34,IF(DN34=$G34,IF($F34-$G34>=3,6,IF($G34-$F34>=3,6,IF($F34+$G34>=4,6,5))),3),3),0) -> 0
A35: 44726 | B35: 06:00 | C35: Sweden | D35: Tunisia | E35: =L35+P35+T35+X35+AB35+AF35+AJ35+AN35+AR35+AV35+AZ35+BD35+BH35+BL35+BP35+BT35+BX35+CB35+CF35+CJ35+CN35+CR35+CV35+CZ35+DD35+DH35+DL35 -> 0 | H35: =IF(ISNUMBER(F35),IF(F35>G35,"1",IF(F35<G35,"2","X"))) -> FALSE | I35: 2 | J35: 0 | K35: =IF(I35>J35,"1",IF(I35<J35,"2","X")) -> 1 | L35: =IF(K35=$H35,IF(I35=$F35,IF(J35=$G35,IF($F35-$G35>=3,6,IF($G35-$F35>=3,6,IF($F35+$G35>=4,6,5))),3),3),0) -> 0 | M35: 1 | N35: 1 | O35: =IF(M35>N35,"1",IF(M35<N35,"2","X")) -> X | P35: =IF(O35=$H35,IF(M35=$F35,IF(N35=$G35,IF($F35-$G35>=3,6,IF($G35-$F35>=3,6,IF($F35+$G35>=4,6,5))),3),3),0) -> 0 | Q35: 1 | R35: 0 | S35: =IF(Q35>R35,"1",IF(Q35<R35,"2","X")) -> 1 | T35: =IF(S35=$H35,IF(Q35=$F35,IF(R35=$G35,IF($F35-$G35>=3,6,IF($G35-$F35>=3,6,IF($F35+$G35>=4,6,5))),3),3),0) -> 0 | U35: 1 | V35: 0 | W35: =IF(U35>V35,"1",IF(U35<V35,"2","X")) -> 1 | X35: =IF(W35=$H35,IF(U35=$F35,IF(V35=$G35,IF($F35-$G35>=3,6,IF($G35-$F35>=3,6,IF($F35+$G35>=4,6,5))),3),3),0) -> 0 | Y35: 2 | Z35: 1 | AA35: =IF(Y35>Z35,"1",IF(Y35<Z35,"2","X")) -> 1 | AB35: =IF(AA35=$H35,IF(Y35=$F35,IF(Z35=$G35,IF($F35-$G35>=3,6,IF($G35-$F35>=3,6,IF($F35+$G35>=4,6,5))),3),3),0) -> 0 | AC35: 1 | AD35: 0 | AE35: =IF(AC35>AD35,"1",IF(AC35<AD35,"2","X")) -> 1 | AF35: =IF(AE35=$H35,IF(AC35=$F35,IF(AD35=$G35,IF($F35-$G35>=3,6,IF($G35-$F35>=3,6,IF($F35+$G35>=4,6,5))),3),3),0) -> 0 | AG35: 2 | AH35: 0 | AI35: =IF(AG35>AH35,"1",IF(AG35<AH35,"2","X")) -> 1 | AJ35: =IF(AI35=$H35,IF(AG35=$F35,IF(AH35=$G35,IF($F35-$G35>=3,6,IF($G35-$F35>=3,6,IF($F35+$G35>=4,6,5))),3),3),0) -> 0 | AK35: 1 | AL35: 0 | AM35: =IF(AK35>AL35,"1",IF(AK35<AL35,"2","X")) -> 1 | AN35: =IF(AM35=$H35,IF(AK35=$F35,IF(AL35=$G35,IF($F35-$G35>=3,6,IF($G35-$F35>=3,6,IF($F35+$G35>=4,6,5))),3),3),0) -> 0 | AO35: 1 | AP35: 1 | AQ35: =IF(AO35>AP35,"1",IF(AO35<AP35,"2","X")) -> X | AR35: =IF(AQ35=$H35,IF(AO35=$F35,IF(AP35=$G35,IF($F35-$G35>=3,6,IF($G35-$F35>=3,6,IF($F35+$G35>=4,6,5))),3),3),0) -> 0 | AS35: 2 | AT35: 0 | AU35: =IF(AS35>AT35,"1",IF(AS35<AT35,"2","X")) -> 1 | AV35: =IF(AU35=$H35,IF(AS35=$F35,IF(AT35=$G35,IF($F35-$G35>=3,6,IF($G35-$F35>=3,6,IF($F35+$G35>=4,6,5))),3),3),0) -> 0 | AW35: 1 | AX35: 0 | AY35: =IF(AW35>AX35,"1",IF(AW35<AX35,"2","X")) -> 1 | AZ35: =IF(AY35=$H35,IF(AW35=$F35,IF(AX35=$G35,IF($F35-$G35>=3,6,IF($G35-$F35>=3,6,IF($F35+$G35>=4,6,5))),3),3),0) -> 0 | BA35: 1 | BB35: 1 | BC35: =IF(BA35>BB35,"1",IF(BA35<BB35,"2","X")) -> X | BD35: =IF(BC35=$H35,IF(BA35=$F35,IF(BB35=$G35,IF($F35-$G35>=3,6,IF($G35-$F35>=3,6,IF($F35+$G35>=4,6,5))),3),3),0) -> 0 | BE35: 1 | BF35: 0 | BG35: =IF(BE35>BF35,"1",IF(BE35<BF35,"2","X")) -> 1 | BH35: =IF(BG35=$H35,IF(BE35=$F35,IF(BF35=$G35,IF($F35-$G35>=3,6,IF($G35-$F35>=3,6,IF($F35+$G35>=4,6,5))),3),3),0) -> 0 | BI35: 2 | BJ35: 1 | BK35: =IF(BI35>BJ35,"1",IF(BI35<BJ35,"2","X")) -> 1 | BL35: =IF(BK35=$H35,IF(BI35=$F35,IF(BJ35=$G35,IF($F35-$G35>=3,6,IF($G35-$F35>=3,6,IF($F35+$G35>=4,6,5))),3),3),0) -> 0 | BM35: 1 | BN35: 0 | BO35: =IF(BM35>BN35,"1",IF(BM35<BN35,"2","X")) -> 1 | BP35: =IF(BO35=$H35,IF(BM35=$F35,IF(BN35=$G35,IF($F35-$G35>=3,6,IF($G35-$F35>=3,6,IF($F35+$G35>=4,6,5))),3),3),0) -> 0 | BQ35: 2 | BR35: 1 | BS35: =IF(BQ35>BR35,"1",IF(BQ35<BR35,"2","X")) -> 1 | BT35: =IF(BS35=$H35,IF(BQ35=$F35,IF(BR35=$G35,IF($F35-$G35>=3,6,IF($G35-$F35>=3,6,IF($F35+$G35>=4,6,5))),3),3),0) -> 0 | BU35: 2 | BV35: 0 | BW35: =IF(BU35>BV35,"1",IF(BU35<BV35,"2","X")) -> 1 | BX35: =IF(BW35=$H35,IF(BU35=$F35,IF(BV35=$G35,IF($F35-$G35>=3,6,IF($G35-$F35>=3,6,IF($F35+$G35>=4,6,5))),3),3),0) -> 0 | BY35: 2 | BZ35: 0 | CA35: =IF(BY35>BZ35,"1",IF(BY35<BZ35,"2","X")) -> 1 | CB35: =IF(CA35=$H35,IF(BY35=$F35,IF(BZ35=$G35,IF($F35-$G35>=3,6,IF($G35-$F35>=3,6,IF($F35+$G35>=4,6,5))),3),3),0) -> 0 | CC35: 3 | CD35: 1 | CE35: =IF(CC35>CD35,"1",IF(CC35<CD35,"2","X")) -> 1 | CF35: =IF(CE35=$H35,IF(CC35=$F35,IF(CD35=$G35,IF($F35-$G35>=3,6,IF($G35-$F35>=3,6,IF($F35+$G35>=4,6,5))),3),3),0) -> 0 | CG35: 2 | CH35: 0 | CI35: =IF(CG35>CH35,"1",IF(CG35<CH35,"2","X")) -> 1 | CJ35: =IF(CI35=$H35,IF(CG35=$F35,IF(CH35=$G35,IF($F35-$G35>=3,6,IF($G35-$F35>=3,6,IF($F35+$G35>=4,6,5))),3),3),0) -> 0 | CK35: 1 | CL35: 1 | CM35: =IF(CK35>CL35,"1",IF(CK35<CL35,"2","X")) -> X | CN35: =IF(CM35=$H35,IF(CK35=$F35,IF(CL35=$G35,IF($F35-$G35>=3,6,IF($G35-$F35>=3,6,IF($F35+$G35>=4,6,5))),3),3),0) -> 0 | CO35: 0 | CP35: 0 | CQ35: =IF(CO35>CP35,"1",IF(CO35<CP35,"2","X")) -> X | CR35: =IF(CQ35=$H35,IF(CO35=$F35,IF(CP35=$G35,IF($F35-$G35>=3,6,IF($G35-$F35>=3,6,IF($F35+$G35>=4,6,5))),3),3),0) -> 0 | CS35: 2 | CT35: 1 | CU35: =IF(CS35>CT35,"1",IF(CS35<CT35,"2","X")) -> 1 | CV35: =IF(CU35=$H35,IF(CS35=$F35,IF(CT35=$G35,IF($F35-$G35>=3,6,IF($G35-$F35>=3,6,IF($F35+$G35>=4,6,5))),3),3),0) -> 0 | CW35: 1 | CX35: 0 | CY35: =IF(CW35>CX35,"1",IF(CW35<CX35,"2","X")) -> 1 | CZ35: =IF(CY35=$H35,IF(CW35=$F35,IF(CX35=$G35,IF($F35-$G35>=3,6,IF($G35-$F35>=3,6,IF($F35+$G35>=4,6,5))),3),3),0) -> 0 | DA35: 1 | DB35: 1 | DC35: =IF(DA35>DB35,"1",IF(DA35<DB35,"2","X")) -> X | DD35: =IF(DC35=$H35,IF(DA35=$F35,IF(DB35=$G35,IF($F35-$G35>=3,6,IF($G35-$F35>=3,6,IF($F35+$G35>=4,6,5))),3),3),0) -> 0 | DE35: 2 | DF35: 1 | DG35: =IF(DE35>DF35,"1",IF(DE35<DF35,"2","X")) -> 1 | DH35: =IF(DG35=$H35,IF(DE35=$F35,IF(DF35=$G35,IF($F35-$G35>=3,6,IF($G35-$F35>=3,6,IF($F35+$G35>=4,6,5))),3),3),0) -> 0 | DI35: 2 | DJ35: 0 | DK35: =IF(DI35>DJ35,"1",IF(DI35<DJ35,"2","X")) -> 1 | DL35: =IF(DK35=$H35,IF(DI35=$F35,IF(DJ35=$G35,IF($F35-$G35>=3,6,IF($G35-$F35>=3,6,IF($F35+$G35>=4,6,5))),3),3),0) -> 0 | DM35: 1 | DN35: 0 | DO35: =IF(DM35>DN35,"1",IF(DM35<DN35,"2","X")) -> 1 | DP35: =IF(DO35=$H35,IF(DM35=$F35,IF(DN35=$G35,IF($F35-$G35>=3,6,IF($G35-$F35>=3,6,IF($F35+$G35>=4,6,5))),3),3),0) -> 0
A36: 44731 | B36: 21:00 | C36: Netherlands | D36: Sweden | E36: =L36+P36+T36+X36+AB36+AF36+AJ36+AN36+AR36+AV36+AZ36+BD36+BH36+BL36+BP36+BT36+BX36+CB36+CF36+CJ36+CN36+CR36+CV36+CZ36+DD36+DH36+DL36 -> 0 | H36: =IF(ISNUMBER(F36),IF(F36>G36,"1",IF(F36<G36,"2","X"))) -> FALSE | I36: 2 | J36: 1 | K36: =IF(I36>J36,"1",IF(I36<J36,"2","X")) -> 1 | L36: =IF(K36=$H36,IF(I36=$F36,IF(J36=$G36,IF($F36-$G36>=3,6,IF($G36-$F36>=3,6,IF($F36+$G36>=4,6,5))),3),3),0) -> 0 | M36: 3 | N36: 2 | O36: =IF(M36>N36,"1",IF(M36<N36,"2","X")) -> 1 | P36: =IF(O36=$H36,IF(M36=$F36,IF(N36=$G36,IF($F36-$G36>=3,6,IF($G36-$F36>=3,6,IF($F36+$G36>=4,6,5))),3),3),0) -> 0 | Q36: 0 | R36: 0 | S36: =IF(Q36>R36,"1",IF(Q36<R36,"2","X")) -> X | T36: =IF(S36=$H36,IF(Q36=$F36,IF(R36=$G36,IF($F36-$G36>=3,6,IF($G36-$F36>=3,6,IF($F36+$G36>=4,6,5))),3),3),0) -> 0 | U36: 2 | V36: 1 | W36: =IF(U36>V36,"1",IF(U36<V36,"2","X")) -> 1 | X36: =IF(W36=$H36,IF(U36=$F36,IF(V36=$G36,IF($F36-$G36>=3,6,IF($G36-$F36>=3,6,IF($F36+$G36>=4,6,5))),3),3),0) -> 0 | Y36: 3 | Z36: 0 | AA36: =IF(Y36>Z36,"1",IF(Y36<Z36,"2","X")) -> 1 | AB36: =IF(AA36=$H36,IF(Y36=$F36,IF(Z36=$G36,IF($F36-$G36>=3,6,IF($G36-$F36>=3,6,IF($F36+$G36>=4,6,5))),3),3),0) -> 0 | AC36: 1 | AD36: 0 | AE36: =IF(AC36>AD36,"1",IF(AC36<AD36,"2","X")) -> 1 | AF36: =IF(AE36=$H36,IF(AC36=$F36,IF(AD36=$G36,IF($F36-$G36>=3,6,IF($G36-$F36>=3,6,IF($F36+$G36>=4,6,5))),3),3),0) -> 0 | AG36: 1 | AH36: 1 | AI36: =IF(AG36>AH36,"1",IF(AG36<AH36,"2","X")) -> X | AJ36: =IF(AI36=$H36,IF(AG36=$F36,IF(AH36=$G36,IF($F36-$G36>=3,6,IF($G36-$F36>=3,6,IF($F36+$G36>=4,6,5))),3),3),0) -> 0 | AK36: 1 | AL36: 1 | AM36: =IF(AK36>AL36,"1",IF(AK36<AL36,"2","X")) -> X | AN36: =IF(AM36=$H36,IF(AK36=$F36,IF(AL36=$G36,IF($F36-$G36>=3,6,IF($G36-$F36>=3,6,IF($F36+$G36>=4,6,5))),3),3),0) -> 0 | AO36: 3 | AP36: 1 | AQ36: =IF(AO36>AP36,"1",IF(AO36<AP36,"2","X")) -> 1 | AR36: =IF(AQ36=$H36,IF(AO36=$F36,IF(AP36=$G36,IF($F36-$G36>=3,6,IF($G36-$F36>=3,6,IF($F36+$G36>=4,6,5))),3),3),0) -> 0 | AS36: 2 | AT36: 1 | AU36: =IF(AS36>AT36,"1",IF(AS36<AT36,"2","X")) -> 1 | AV36: =IF(AU36=$H36,IF(AS36=$F36,IF(AT36=$G36,IF($F36-$G36>=3,6,IF($G36-$F36>=3,6,IF($F36+$G36>=4,6,5))),3),3),0) -> 0 | AW36: 2 | AX36: 1 | AY36: =IF(AW36>AX36,"1",IF(AW36<AX36,"2","X")) -> 1 | AZ36: =IF(AY36=$H36,IF(AW36=$F36,IF(AX36=$G36,IF($F36-$G36>=3,6,IF($G36-$F36>=3,6,IF($F36+$G36>=4,6,5))),3),3),0) -> 0 | BA36: 2 | BB36: 0 | BC36: =IF(BA36>BB36,"1",IF(BA36<BB36,"2","X")) -> 1 | BD36: =IF(BC36=$H36,IF(BA36=$F36,IF(BB36=$G36,IF($F36-$G36>=3,6,IF($G36-$F36>=3,6,IF($F36+$G36>=4,6,5))),3),3),0) -> 0 | BE36: 1 | BF36: 1 | BG36: =IF(BE36>BF36,"1",IF(BE36<BF36,"2","X")) -> X | BH36: =IF(BG36=$H36,IF(BE36=$F36,IF(BF36=$G36,IF($F36-$G36>=3,6,IF($G36-$F36>=3,6,IF($F36+$G36>=4,6,5))),3),3),0) -> 0 | BI36: 2 | BJ36: 1 | BK36: =IF(BI36>BJ36,"1",IF(BI36<BJ36,"2","X")) -> 1 | BL36: =IF(BK36=$H36,IF(BI36=$F36,IF(BJ36=$G36,IF($F36-$G36>=3,6,IF($G36-$F36>=3,6,IF($F36+$G36>=4,6,5))),3),3),0) -> 0 | BM36: 1 | BN36: 1 | BO36: =IF(BM36>BN36,"1",IF(BM36<BN36,"2","X")) -> X | BP36: =IF(BO36=$H36,IF(BM36=$F36,IF(BN36=$G36,IF($F36-$G36>=3,6,IF($G36-$F36>=3,6,IF($F36+$G36>=4,6,5))),3),3),0) -> 0 | BQ36: 2 | BR36: 2 | BS36: =IF(BQ36>BR36,"1",IF(BQ36<BR36,"2","X")) -> X | BT36: =IF(BS36=$H36,IF(BQ36=$F36,IF(BR36=$G36,IF($F36-$G36>=3,6,IF($G36-$F36>=3,6,IF($F36+$G36>=4,6,5))),3),3),0) -> 0 | BU36: 2 | BV36: 1 | BW36: =IF(BU36>BV36,"1",IF(BU36<BV36,"2","X")) -> 1 | BX36: =IF(BW36=$H36,IF(BU36=$F36,IF(BV36=$G36,IF($F36-$G36>=3,6,IF($G36-$F36>=3,6,IF($F36+$G36>=4,6,5))),3),3),0) -> 0 | BY36: 2 | BZ36: 0 | CA36: =IF(BY36>BZ36,"1",IF(BY36<BZ36,"2","X")) -> 1 | CB36: =IF(CA36=$H36,IF(BY36=$F36,IF(BZ36=$G36,IF($F36-$G36>=3,6,IF($G36-$F36>=3,6,IF($F36+$G36>=4,6,5))),3),3),0) -> 0 | CC36: 2 | CD36: 1 | CE36: =IF(CC36>CD36,"1",IF(CC36<CD36,"2","X")) -> 1 | CF36: =IF(CE36=$H36,IF(CC36=$F36,IF(CD36=$G36,IF($F36-$G36>=3,6,IF($G36-$F36>=3,6,IF($F36+$G36>=4,6,5))),3),3),0) -> 0 | CG36: 1 | CH36: 1 | CI36: =IF(CG36>CH36,"1",IF(CG36<CH36,"2","X")) -> X | CJ36: =IF(CI36=$H36,IF(CG36=$F36,IF(CH36=$G36,IF($F36-$G36>=3,6,IF($G36-$F36>=3,6,IF($F36+$G36>=4,6,5))),3),3),0) -> 0 | CK36: 2 | CL36: 1 | CM36: =IF(CK36>CL36,"1",IF(CK36<CL36,"2","X")) -> 1 | CN36: =IF(CM36=$H36,IF(CK36=$F36,IF(CL36=$G36,IF($F36-$G36>=3,6,IF($G36-$F36>=3,6,IF($F36+$G36>=4,6,5))),3),3),0) -> 0 | CO36: 1 | CP36: 1 | CQ36: =IF(CO36>CP36,"1",IF(CO36<CP36,"2","X")) -> X | CR36: =IF(CQ36=$H36,IF(CO36=$F36,IF(CP36=$G36,IF($F36-$G36>=3,6,IF($G36-$F36>=3,6,IF($F36+$G36>=4,6,5))),3),3),0) -> 0 | CS36: 2 | CT36: 2 | CU36: =IF(CS36>CT36,"1",IF(CS36<CT36,"2","X")) -> X | CV36: =IF(CU36=$H36,IF(CS36=$F36,IF(CT36=$G36,IF($F36-$G36>=3,6,IF($G36-$F36>=3,6,IF($F36+$G36>=4,6,5))),3),3),0) -> 0 | CW36: 2 | CX36: 0 | CY36: =IF(CW36>CX36,"1",IF(CW36<CX36,"2","X")) -> 1 | CZ36: =IF(CY36=$H36,IF(CW36=$F36,IF(CX36=$G36,IF($F36-$G36>=3,6,IF($G36-$F36>=3,6,IF($F36+$G36>=4,6,5))),3),3),0) -> 0 | DA36: 2 | DB36: 0 | DC36: =IF(DA36>DB36,"1",IF(DA36<DB36,"2","X")) -> 1 | DD36: =IF(DC36=$H36,IF(DA36=$F36,IF(DB36=$G36,IF($F36-$G36>=3,6,IF($G36-$F36>=3,6,IF($F36+$G36>=4,6,5))),3),3),0) -> 0 | DE36: 2 | DF36: 1 | DG36: =IF(DE36>DF36,"1",IF(DE36<DF36,"2","X")) -> 1 | DH36: =IF(DG36=$H36,IF(DE36=$F36,IF(DF36=$G36,IF($F36-$G36>=3,6,IF($G36-$F36>=3,6,IF($F36+$G36>=4,6,5))),3),3),0) -> 0 | DI36: 1 | DJ36: 1 | DK36: =IF(DI36>DJ36,"1",IF(DI36<DJ36,"2","X")) -> X | DL36: =IF(DK36=$H36,IF(DI36=$F36,IF(DJ36=$G36,IF($F36-$G36>=3,6,IF($G36-$F36>=3,6,IF($F36+$G36>=4,6,5))),3),3),0) -> 0 | DM36: 2 | DN36: 0 | DO36: =IF(DM36>DN36,"1",IF(DM36<DN36,"2","X")) -> 1 | DP36: =IF(DO36=$H36,IF(DM36=$F36,IF(DN36=$G36,IF($F36-$G36>=3,6,IF($G36-$F36>=3,6,IF($F36+$G36>=4,6,5))),3),3),0) -> 0
